"Link Channel","Like","Waktu","Link video","Komentar","Like"
"https://www.youtube.com/@ernestprakasa","@ernestprakasa","1 tahun yang lalu","https://www.youtube.com/watch?v=xKBJPqAt8gA&lc=UgyfexWA_AtOXJOVmVx4AaABAg","Terimakasih. Syukurlah kalo nggak bikin misuh-misuh.","1,4 rb"
"https://www.youtube.com/@addicted2mosh","@addicted2mosh","1 tahun yang lalu","https://www.youtube.com/watch?v=xKBJPqAt8gA&lc=UgwhRD6YtAOoVD5KwNN4AaABAg","film Indonesia yg betul betul memiliki titik tawa yg sangat padat. seisi bioskop bener tidak dikasih jeda karena ketawa terus terusan. AGAK LAEN!!!","175"
"https://www.youtube.com/@gitas5555","@gitas5555","1 tahun yang lalu","https://www.youtube.com/watch?v=xKBJPqAt8gA&lc=Ugy8pNED5U8lMUIwdsR4AaABAg","SEPAKAT  Satu lagi karakter yg oke, Sadana Agung yg jd Obet","122"
"https://www.youtube.com/@ilhamrj2599","@ilhamrj2599","1 tahun yang lalu","https://www.youtube.com/watch?v=xKBJPqAt8gA&lc=UgwrAst6sM1R7mDA9KJ4AaABAg","Tapi emang benar, Oki Rengga mengalahkan ekspektasi kita semua . Dia mengemban porsi dramatisasi terbesar di film ini. Malahan sebenarnya muara dari konflik dan solusi cerita dari film ini justru di subplot nya Oki Rengga.","190"
"https://www.youtube.com/@sulthon2410","@sulthon2410","1 tahun yang lalu","https://www.youtube.com/watch?v=xKBJPqAt8gA&lc=UgwK1S2ec2XlRDWT4v94AaABAg","Ratingnya lumayan tinggi bgtt yak buat ukuran review Cine Crib keren Abis Agak Laen wkwk Imajinari selalu mind blowing.. 10/10","56"
"https://www.youtube.com/@talking2themoon","@talking2themoon","1 tahun yang lalu","https://www.youtube.com/watch?v=xKBJPqAt8gA&lc=Ugy-v7vjJSUFuBSocCF4AaABAg","Seneng abang berdua ini ketawa sesuai genre filmnya yaitu film komedi, bukan ngetawain film horor","362"
"https://www.youtube.com/@artidrist86","@artidrist86","1 tahun yang lalu","https://www.youtube.com/watch?v=xKBJPqAt8gA&lc=UgybQrtmQgRw2kkLjvh4AaABAg","Ngga berlebihan klo ini dianggap The Best...

Padet banget ceritanya, komedi, drama, percintaan, keluarga dll.
Keren...","35"
"https://www.youtube.com/@yogiproductions4241","@yogiproductions4241","1 tahun yang lalu","https://www.youtube.com/watch?v=xKBJPqAt8gA&lc=UgzT3Xt7jRwEKE3xEuh4AaABAg&pp=0gcJCSMANpG00pGi","Bang Acho emang salah satu komika yang materinya rapi, keren emang dia.","18"
"https://www.youtube.com/@OmArya2531","@OmArya2531","1 tahun yang lalu","https://www.youtube.com/watch?v=xKBJPqAt8gA&lc=UgzgYBHsnIyCpiFAAYx4AaABAg","Intinya, nih film berasa seperti franchise Goosebumps versi lokal. Karena ngga cuma isinya horor doang melainkan ada pesan dan hikmah yang bisa diambil dalam film ini termasuk tentang keluarga macam film Ngeri-ngeri Sedap tapi ada elemen horornya gitu. 

Dengan rating 8/10, Acho telah berhasil merilis film genre horor kedua dengan cukup signifikan sekaligus obat kekecewaan lah setelah Ghost Writer 2 yang formulanya terbilang B aja","107"
"https://www.youtube.com/@SultoArwano","@SultoArwano","1 tahun yang lalu","https://www.youtube.com/watch?v=xKBJPqAt8gA&lc=UgwaforNaKbwL_FaYTl4AaABAg","Oki gak nyangka sih, mantep bgt disini..","34"
"https://www.youtube.com/@RRAT24","@RRAT24","1 tahun yang lalu","https://www.youtube.com/watch?v=xKBJPqAt8gA&lc=UgzDNsxfdR4tPdkAI014AaABAg","dari kemarin gw tunggu vidio review cinecrib mau lihat kalo seberapa bagus  film agak laen dan ternyata beneran bagus rupanya
padahal di setiap promo,bene boris indra oki selalu bilang,kalo mau cari film bagus bukan di agak laen tapi kalo mau cari lucu nonton agak laen
lahh tapi ternyata LUCU DAN BAGUS ADA DI AGAK LAEN","39"
"https://www.youtube.com/@sastrashihab","@sastrashihab","1 tahun yang lalu","https://www.youtube.com/watch?v=xKBJPqAt8gA&lc=Ugxnz5mmmYYVv8JUYzh4AaABAg","Kemaren nonton dan seneng bgt studionya full house. Banyak ketawa, seru. Apalagi dari cinecrib dapet 8, pasti akan lebih banyak lagi yg mau nonton.","26"
"https://www.youtube.com/@widayantiarman","@widayantiarman","1 tahun yang lalu","https://www.youtube.com/watch?v=xKBJPqAt8gA&lc=Ugz8O4bUC5cUR1X5wvp4AaABAg","Sempet kecewa kok Sadana Agung, harusnya Dani Aditya tapi pas endingnya jadi lega...soale Dani Aditya gabisa manjat wkwkkw","23"
"https://www.youtube.com/@PetualangHidup1912","@PetualangHidup1912","1 tahun yang lalu","https://www.youtube.com/watch?v=xKBJPqAt8gA&lc=Ugwy9rd8BXbQSHpsi3J4AaABAg","KALAU ADA WAKTU LAGI, MAU NONTON UNTUK KE 2 KALI NYA, PECAH BANGET.  LUCU, DRAMA, HARU, ROMANCE, HOROR, PAKET KOMPLIT NI FILM","22"
"https://www.youtube.com/@diyanaislami","@diyanaislami","1 tahun yang lalu","https://www.youtube.com/watch?v=xKBJPqAt8gA&lc=UgyYEcuZT3waQn4GYqh4AaABAg","Saya melihat dua abang ini ketawa, ikutan ketawa-ketawa sambil ngebayangin adegan-adegan film ""Agak Laen"". Puas banget nonton film itu, sak bioskop ngakak kabeh","10"
"https://www.youtube.com/@riancokys2873","@riancokys2873","1 tahun yang lalu","https://www.youtube.com/watch?v=xKBJPqAt8gA&lc=Ugx9UiqBHfdMIUsO1W94AaABAg","abis nonton di bioskop kota makassar, rating pribadi gw 9/10 , mana kursinya kebanyakan full , kosong paling bagian baris pas depan layar ,kocak petcah, seisi bioskop ketawa semua , lucu oiii  , makasih banyak banyak ada film yg buat semangat lagi ke bioskop nonton film","25"
"https://www.youtube.com/@boscomilanovlog4419","@boscomilanovlog4419","1 tahun yang lalu","https://www.youtube.com/watch?v=xKBJPqAt8gA&lc=UgzsitIXQzOoqnoZsel4AaABAg","Nilai 9 dari 10. Trllu sungguh keren film ini. Oki rengga benr2 ga ada obatnya. Tmbh lg si jegel ampun2. Ketawa ngakak dr menit awal smpe 2 jam berikutnya non stop. Gilak gilak emg AGAKK LAEENNLAH KELEN","14"
"https://www.youtube.com/@retnod.setyarini5808","@retnod.setyarini5808","1 tahun yang lalu","https://www.youtube.com/watch?v=xKBJPqAt8gA&lc=UgygvzL249yR7bxN8DR4AaABAg&pp=0gcJCSMANpG00pGi","pasukan berrmarga bangga banget sih tau film ketuaketua  dan komandannya dapat review bagus gini dari cinecrib","14"
"https://www.youtube.com/@wxputra1190","@wxputra1190","1 tahun yang lalu (diedit)","https://www.youtube.com/watch?v=xKBJPqAt8gA&lc=Ugwvwrn_vRZQMiG1Tz54AaABAg","Kalau cine cribe sdh bilang bagus, berarti valid","51"
"https://www.youtube.com/@js0686","@js0686","1 tahun yang lalu","https://www.youtube.com/watch?v=xKBJPqAt8gA&lc=UgxtswVjdreUAv2cOOR4AaABAg","Pasukan bermarga!!!!!! 
Ramekannnn.....","15"
"https://www.youtube.com/@OmArya2531","@OmArya2531","1 tahun yang lalu","https://www.youtube.com/watch?v=xKBJPqAt8gA&lc=UgzgYBHsnIyCpiFAAYx4AaABAg","Intinya, nih film berasa seperti franchise Goosebumps versi lokal. Karena ngga cuma isinya horor doang melainkan ada pesan dan hikmah yang bisa diambil dalam film ini termasuk tentang keluarga macam film Ngeri-ngeri Sedap tapi ada elemen horornya gitu. 

Dengan rating 8/10, Acho telah berhasil merilis film genre horor kedua dengan cukup signifikan sekaligus obat kekecewaan lah setelah Ghost Writer 2 yang formulanya terbilang B aja","107"
"https://www.youtube.com/@SultoArwano","@SultoArwano","1 tahun yang lalu","https://www.youtube.com/watch?v=xKBJPqAt8gA&lc=UgwaforNaKbwL_FaYTl4AaABAg","Oki gak nyangka sih, mantep bgt disini..","34"
"https://www.youtube.com/@RRAT24","@RRAT24","1 tahun yang lalu","https://www.youtube.com/watch?v=xKBJPqAt8gA&lc=UgzDNsxfdR4tPdkAI014AaABAg","dari kemarin gw tunggu vidio review cinecrib mau lihat kalo seberapa bagus  film agak laen dan ternyata beneran bagus rupanya
padahal di setiap promo,bene boris indra oki selalu bilang,kalo mau cari film bagus bukan di agak laen tapi kalo mau cari lucu nonton agak laen
lahh tapi ternyata LUCU DAN BAGUS ADA DI AGAK LAEN","39"
"https://www.youtube.com/@sastrashihab","@sastrashihab","1 tahun yang lalu","https://www.youtube.com/watch?v=xKBJPqAt8gA&lc=Ugxnz5mmmYYVv8JUYzh4AaABAg","Kemaren nonton dan seneng bgt studionya full house. Banyak ketawa, seru. Apalagi dari cinecrib dapet 8, pasti akan lebih banyak lagi yg mau nonton.","26"
"https://www.youtube.com/@widayantiarman","@widayantiarman","1 tahun yang lalu","https://www.youtube.com/watch?v=xKBJPqAt8gA&lc=Ugz8O4bUC5cUR1X5wvp4AaABAg","Sempet kecewa kok Sadana Agung, harusnya Dani Aditya tapi pas endingnya jadi lega...soale Dani Aditya gabisa manjat wkwkkw","23"
"https://www.youtube.com/@PetualangHidup1912","@PetualangHidup1912","1 tahun yang lalu","https://www.youtube.com/watch?v=xKBJPqAt8gA&lc=Ugwy9rd8BXbQSHpsi3J4AaABAg","KALAU ADA WAKTU LAGI, MAU NONTON UNTUK KE 2 KALI NYA, PECAH BANGET.  LUCU, DRAMA, HARU, ROMANCE, HOROR, PAKET KOMPLIT NI FILM","22"
"https://www.youtube.com/@diyanaislami","@diyanaislami","1 tahun yang lalu","https://www.youtube.com/watch?v=xKBJPqAt8gA&lc=UgyYEcuZT3waQn4GYqh4AaABAg","Saya melihat dua abang ini ketawa, ikutan ketawa-ketawa sambil ngebayangin adegan-adegan film ""Agak Laen"". Puas banget nonton film itu, sak bioskop ngakak kabeh","10"
"https://www.youtube.com/@riancokys2873","@riancokys2873","1 tahun yang lalu","https://www.youtube.com/watch?v=xKBJPqAt8gA&lc=Ugx9UiqBHfdMIUsO1W94AaABAg","abis nonton di bioskop kota makassar, rating pribadi gw 9/10 , mana kursinya kebanyakan full , kosong paling bagian baris pas depan layar ,kocak petcah, seisi bioskop ketawa semua , lucu oiii  , makasih banyak banyak ada film yg buat semangat lagi ke bioskop nonton film","25"
"https://www.youtube.com/@boscomilanovlog4419","@boscomilanovlog4419","1 tahun yang lalu","https://www.youtube.com/watch?v=xKBJPqAt8gA&lc=UgzsitIXQzOoqnoZsel4AaABAg","Nilai 9 dari 10. Trllu sungguh keren film ini. Oki rengga benr2 ga ada obatnya. Tmbh lg si jegel ampun2. Ketawa ngakak dr menit awal smpe 2 jam berikutnya non stop. Gilak gilak emg AGAKK LAEENNLAH KELEN","14"
"https://www.youtube.com/@retnod.setyarini5808","@retnod.setyarini5808","1 tahun yang lalu","https://www.youtube.com/watch?v=xKBJPqAt8gA&lc=UgygvzL249yR7bxN8DR4AaABAg&pp=0gcJCSMANpG00pGi","pasukan berrmarga bangga banget sih tau film ketuaketua  dan komandannya dapat review bagus gini dari cinecrib","14"
"https://www.youtube.com/@wxputra1190","@wxputra1190","1 tahun yang lalu (diedit)","https://www.youtube.com/watch?v=xKBJPqAt8gA&lc=Ugwvwrn_vRZQMiG1Tz54AaABAg","Kalau cine cribe sdh bilang bagus, berarti valid","51"
"https://www.youtube.com/@js0686","@js0686","1 tahun yang lalu","https://www.youtube.com/watch?v=xKBJPqAt8gA&lc=UgxtswVjdreUAv2cOOR4AaABAg","Pasukan bermarga!!!!!! 
Ramekannnn.....","15"
"https://www.youtube.com/@decustoms1988","@decustoms1988","1 tahun yang lalu","https://www.youtube.com/watch?v=xKBJPqAt8gA&lc=UgwlxXHkjwpaWgIG8qV4AaABAg","Smlm nontom ini emang pecah sh satu studio ngakak dr awal sampe akhir..pas adegan rumah hantuny yg kursi gerak, pintu kebuka kena angin itu serem jg 
Best film awal tahun ini pokokny","13"
"https://www.youtube.com/@djajati2107","@djajati2107","1 tahun yang lalu","https://www.youtube.com/watch?v=xKBJPqAt8gA&lc=UgwC2pMT1iEkGSitAtd4AaABAg","Yg paling pecah pas Beben (mamat Alkatiri) ketakutan baca ayat kursi gak lancar. Pocong jegel datang sambil ikut baca ayat yg lengkap","72"
"https://www.youtube.com/@novicraft4141","@novicraft4141","1 tahun yang lalu","https://www.youtube.com/watch?v=xKBJPqAt8gA&lc=UgyAuLm4IxyMBMx2qg94AaABAg","Sumpeh dr awal sampe akhir ngakak banget.. mana satu bioskop ttp ketawa ngikik2 sampe bagian bloopers.... di tunggu lanjutannya Agak Laen...","5"
"https://www.youtube.com/@nandanurahmad2100","@nandanurahmad2100","1 tahun yang lalu","https://www.youtube.com/watch?v=xKBJPqAt8gA&lc=UgwJZvH4xFegFiElop14AaABAg","Belum puasa udah lebaran aja. Alias nih film emang agak laen. Penulisannya keren, Tawanya full, tangis nya juga ada, warna film nya ciamik. Yok tonton yukkkk. Kalok nonton bawa temen 10 ya biar makin rame nih film ketua","48"
"https://www.youtube.com/@tandrylimmardy5131","@tandrylimmardy5131","1 tahun yang lalu","https://www.youtube.com/watch?v=xKBJPqAt8gA&lc=UgzCf3pMv9nEyFvZXl94AaABAg","Dr trailer jg udh keliatan bagus","9"
"https://www.youtube.com/@busbargrounding","@busbargrounding","1 tahun yang lalu","https://www.youtube.com/watch?v=xKBJPqAt8gA&lc=UgxbFQCJAr_RNiK_NO54AaABAg","gw sekarang berada dititik apapun yang imajinari bikin kedepannya, pasti bakal gw tonton","149"
"https://www.youtube.com/@adrianrafitama","@adrianrafitama","1 tahun yang lalu","https://www.youtube.com/watch?v=xKBJPqAt8gA&lc=UgwuqjeRqsmERvcjvA14AaABAg","scene ""tiup"" sm vidcall ibu boris gaada obat","3"
"https://www.youtube.com/@kevinariiya","@kevinariiya","1 tahun yang lalu","https://www.youtube.com/watch?v=xKBJPqAt8gA&lc=UgxQocsRzEJHekewYa14AaABAg","kemarin nonton di hari pertama satu studio penuhh gokil, berasa nonton stand up ketawa terus dar der dor wkwkwkw. ga heran klo kata bang oki filmnya ambil refrensi dari film 6/45","15"
"https://www.youtube.com/@ariefadha5895","@ariefadha5895","1 tahun yang lalu (diedit)","https://www.youtube.com/watch?v=xKBJPqAt8gA&lc=UgxbFy0BiHbgF_ZplNp4AaABAg","Bjir, imajinari filmnya baru 3, semuanya sukses buat gue kagum. Pliss pertahankan kualitas kalian imajinari!!!!","67"
"https://www.youtube.com/@BungaSekar-x3f","@BungaSekar-x3f","1 tahun yang lalu","https://www.youtube.com/watch?v=xKBJPqAt8gA&lc=UgwnMCcVtngcmbQZNLB4AaABAg&pp=0gcJCSMANpG00pGi","Baru ygvini reviu yg seru...
Mbayanginya buat jadi penasaran n ikut ketawa juga",""
"https://www.youtube.com/@sejeong558","@sejeong558","1 tahun yang lalu","https://www.youtube.com/watch?v=xKBJPqAt8gA&lc=UgwTXWU4yBN3pPZ-MZt4AaABAg&pp=0gcJCSMANpG00pGi","Dulu ada warkop, sekarang ada Agak Laen.. bisa lah dibikin agk laen selanjutnya","2"
"https://www.youtube.com/@jolenesshi","@jolenesshi","1 tahun yang lalu","https://www.youtube.com/watch?v=xKBJPqAt8gA&lc=UgyRWE-gtgYTjdqP8354AaABAg","Oki Rengga emang kacau banget disini gokil diaaaa, jokes spontan dia diluar stand up juga selalu kena banget. Bangga banget liat dia disini.","6"
"https://www.youtube.com/@awliafadhli","@awliafadhli","1 tahun yang lalu","https://www.youtube.com/watch?v=xKBJPqAt8gA&lc=UgwzNvYM2UEOC6Q8oEp4AaABAg","Denger cerita abang2 berdua ini aj gw ngakak, emang kudu nonton juga ini di bioskop sabtu atau minggu besok.","9"
"https://www.youtube.com/@ardi8615","@ardi8615","1 tahun yang lalu","https://www.youtube.com/watch?v=xKBJPqAt8gA&lc=UgwUVRSY2dtI8vLoeP14AaABAg","ternyata bener sesuai  yg banyak orang bilang pas di promosi filmnya, oki memang bener bener MVP","7"
"https://www.youtube.com/@arimanurung2757","@arimanurung2757","1 tahun yang lalu","https://www.youtube.com/watch?v=xKBJPqAt8gA&lc=Ugy_l35gRJR1S0uU1yx4AaABAg","Bagus wee filmnya gak nyesal lah kelen nonton","10"
"https://www.youtube.com/@merang7224","@merang7224","1 tahun yang lalu","https://www.youtube.com/watch?v=xKBJPqAt8gA&lc=UgxJl7996zxMXqHfl2J4AaABAg","Nunggu Review Cine Crib dlu, Ternyata emang Bagus ni film
Seep Auto Nonton....","6"
"https://www.youtube.com/@muhammadhumamh1586","@muhammadhumamh1586","1 tahun yang lalu","https://www.youtube.com/watch?v=xKBJPqAt8gA&lc=UgzdDF_TzY0gmiKCwr54AaABAg","Gaaasss weekend besok nontooonnnn","1"
"https://www.youtube.com/@rizatrisnawati5804","@rizatrisnawati5804","1 tahun yang lalu (diedit)","https://www.youtube.com/watch?v=xKBJPqAt8gA&lc=UgxPwkpBDkbbyCD1YOx4AaABAg","Tar malem mau nonton nih !","2"
"https://www.youtube.com/@erifbrn","@erifbrn","1 tahun yang lalu","https://www.youtube.com/watch?v=xKBJPqAt8gA&lc=UgzT1IeMh4mR3Mx3kdl4AaABAg","YASH akhirnya gw udah nonton dan baru sekarang nonton review cinecrib dan setuju ini kadidat film terbaik tahun ini","3"
"https://www.youtube.com/@retnowulandjari5238","@retnowulandjari5238","1 tahun yang lalu","https://www.youtube.com/watch?v=xKBJPqAt8gA&lc=Ugy0-X4bImEmNMAPOLl4AaABAg","Dah nonton kemarin. 
Keren bangeeet! 

Ngakak petjah!","6"
"https://www.youtube.com/@adrianrafitama","@adrianrafitama","1 tahun yang lalu","https://www.youtube.com/watch?v=xKBJPqAt8gA&lc=UgwuqjeRqsmERvcjvA14AaABAg","scene ""tiup"" sm vidcall ibu boris gaada obat","3"
"https://www.youtube.com/@kevinariiya","@kevinariiya","1 tahun yang lalu","https://www.youtube.com/watch?v=xKBJPqAt8gA&lc=UgxQocsRzEJHekewYa14AaABAg","kemarin nonton di hari pertama satu studio penuhh gokil, berasa nonton stand up ketawa terus dar der dor wkwkwkw. ga heran klo kata bang oki filmnya ambil refrensi dari film 6/45","15"
"https://www.youtube.com/@ariefadha5895","@ariefadha5895","1 tahun yang lalu (diedit)","https://www.youtube.com/watch?v=xKBJPqAt8gA&lc=UgxbFy0BiHbgF_ZplNp4AaABAg","Bjir, imajinari filmnya baru 3, semuanya sukses buat gue kagum. Pliss pertahankan kualitas kalian imajinari!!!!","67"
"https://www.youtube.com/@BungaSekar-x3f","@BungaSekar-x3f","1 tahun yang lalu","https://www.youtube.com/watch?v=xKBJPqAt8gA&lc=UgwnMCcVtngcmbQZNLB4AaABAg&pp=0gcJCSMANpG00pGi","Baru ygvini reviu yg seru...
Mbayanginya buat jadi penasaran n ikut ketawa juga",""
"https://www.youtube.com/@sejeong558","@sejeong558","1 tahun yang lalu","https://www.youtube.com/watch?v=xKBJPqAt8gA&lc=UgwTXWU4yBN3pPZ-MZt4AaABAg&pp=0gcJCSMANpG00pGi","Dulu ada warkop, sekarang ada Agak Laen.. bisa lah dibikin agk laen selanjutnya","2"
"https://www.youtube.com/@jolenesshi","@jolenesshi","1 tahun yang lalu","https://www.youtube.com/watch?v=xKBJPqAt8gA&lc=UgyRWE-gtgYTjdqP8354AaABAg","Oki Rengga emang kacau banget disini gokil diaaaa, jokes spontan dia diluar stand up juga selalu kena banget. Bangga banget liat dia disini.","6"
"https://www.youtube.com/@awliafadhli","@awliafadhli","1 tahun yang lalu","https://www.youtube.com/watch?v=xKBJPqAt8gA&lc=UgwzNvYM2UEOC6Q8oEp4AaABAg","Denger cerita abang2 berdua ini aj gw ngakak, emang kudu nonton juga ini di bioskop sabtu atau minggu besok.","9"
"https://www.youtube.com/@ardi8615","@ardi8615","1 tahun yang lalu","https://www.youtube.com/watch?v=xKBJPqAt8gA&lc=UgwUVRSY2dtI8vLoeP14AaABAg","ternyata bener sesuai  yg banyak orang bilang pas di promosi filmnya, oki memang bener bener MVP","7"
"https://www.youtube.com/@arimanurung2757","@arimanurung2757","1 tahun yang lalu","https://www.youtube.com/watch?v=xKBJPqAt8gA&lc=Ugy_l35gRJR1S0uU1yx4AaABAg","Bagus wee filmnya gak nyesal lah kelen nonton","10"
"https://www.youtube.com/@merang7224","@merang7224","1 tahun yang lalu","https://www.youtube.com/watch?v=xKBJPqAt8gA&lc=UgxJl7996zxMXqHfl2J4AaABAg","Nunggu Review Cine Crib dlu, Ternyata emang Bagus ni film
Seep Auto Nonton....","6"
"https://www.youtube.com/@muhammadhumamh1586","@muhammadhumamh1586","1 tahun yang lalu","https://www.youtube.com/watch?v=xKBJPqAt8gA&lc=UgzdDF_TzY0gmiKCwr54AaABAg","Gaaasss weekend besok nontooonnnn","1"
"https://www.youtube.com/@rizatrisnawati5804","@rizatrisnawati5804","1 tahun yang lalu (diedit)","https://www.youtube.com/watch?v=xKBJPqAt8gA&lc=UgxPwkpBDkbbyCD1YOx4AaABAg","Tar malem mau nonton nih !","2"
"https://www.youtube.com/@erifbrn","@erifbrn","1 tahun yang lalu","https://www.youtube.com/watch?v=xKBJPqAt8gA&lc=UgzT1IeMh4mR3Mx3kdl4AaABAg","YASH akhirnya gw udah nonton dan baru sekarang nonton review cinecrib dan setuju ini kadidat film terbaik tahun ini","3"
"https://www.youtube.com/@retnowulandjari5238","@retnowulandjari5238","1 tahun yang lalu","https://www.youtube.com/watch?v=xKBJPqAt8gA&lc=Ugy0-X4bImEmNMAPOLl4AaABAg","Dah nonton kemarin. 
Keren bangeeet! 

Ngakak petjah!","6"
"https://www.youtube.com/@diegosevino2942","@diegosevino2942","1 tahun yang lalu","https://www.youtube.com/watch?v=xKBJPqAt8gA&lc=Ugwwfs73Fhg0fHBDVrp4AaABAg","Dr kemaren nunggu reviewnya...dan akhirnya memantapkan utk melihat film ini","5"
"https://www.youtube.com/@poezzkitty","@poezzkitty","1 tahun yang lalu","https://www.youtube.com/watch?v=xKBJPqAt8gA&lc=UgxSVlkgF1quLV-VHHV4AaABAg","setujuuu cinecrib.... gw nonton kemarin dan sebioskop bisa ketawa bareng loh, pas terakhirnya tu semua tepuk tangan, pecah banget ... gw kasih 9,5/10 ... bomat deh kalau ada yang berpendapat lain mah, gw pribadi menikmati banget film ini.... highly recommended.","13"
"https://www.youtube.com/@didiettry","@didiettry","1 tahun yang lalu","https://www.youtube.com/watch?v=xKBJPqAt8gA&lc=UgylL6bReApGgo-aCHh4AaABAg","Satu Studio ngakak terus, entar pas mulai ada drama jadi hening, entar pada ngakak lagi","4"
"https://www.youtube.com/@budirachman4414","@budirachman4414","1 tahun yang lalu","https://www.youtube.com/watch?v=xKBJPqAt8gA&lc=UgzkqTIm2xfCVVhTdbt4AaABAg","Reancananya mau nonton pas orang pada nyoblos tgl 14 nanti, mudah2an masih tayang.","6"
"https://www.youtube.com/@hirosirobot","@hirosirobot","1 tahun yang lalu","https://www.youtube.com/watch?v=xKBJPqAt8gA&lc=UgxXDMJMqZ0NyZIjhgp4AaABAg","emang mantab imajinari ini","1"
"https://www.youtube.com/@dvwn5389","@dvwn5389","1 tahun yang lalu","https://www.youtube.com/watch?v=xKBJPqAt8gA&lc=Ugx6wu6HSQP2MmeAEsx4AaABAg","auto otw nonton hari ini!!","1"
"https://www.youtube.com/@minemo9116","@minemo9116","1 tahun yang lalu","https://www.youtube.com/watch?v=xKBJPqAt8gA&lc=UgwJ4I7M-1dbs-PTuZt4AaABAg","Dengerin mereka ngobrol jadi ikut ngebayangin adegan film nya. Ikut ketawa2 sendiri. Tp emang Oki is the best...","3"
"https://www.youtube.com/@CliperGames96","@CliperGames96","1 tahun yang lalu","https://www.youtube.com/watch?v=xKBJPqAt8gA&lc=UgyxiI0d-urk_dRLaGt4AaABAg","Imajinari memberikan standart film indo","2"
"https://www.youtube.com/@nokiariw","@nokiariw","1 tahun yang lalu","https://www.youtube.com/watch?v=xKBJPqAt8gA&lc=Ugy5oYJl-OtR6VoOKSd4AaABAg&pp=0gcJCSMANpG00pGi","Semua karakter yang muncul di film ini dibekali punchline","4"
"https://www.youtube.com/@nafaokthasalsalbilla6272","@nafaokthasalsalbilla6272","1 tahun yang lalu","https://www.youtube.com/watch?v=xKBJPqAt8gA&lc=UgyNL3hBLl93yMBJ-GV4AaABAg","Emang pecah sih, ini aja nonton review cine crib jadi inget lagi jokes gobloknya malah ketawa lagi wkwkwk","4"
"https://www.youtube.com/@nazarudinnur2549","@nazarudinnur2549","1 tahun yang lalu","https://www.youtube.com/watch?v=xKBJPqAt8gA&lc=UgyMZ3C_a_8QDIoael94AaABAg","Imajinari","2"
"https://www.youtube.com/@lionelsikudo","@lionelsikudo","1 tahun yang lalu","https://www.youtube.com/watch?v=xKBJPqAt8gA&lc=UgyfRFjL0OPr83q2-rp4AaABAg","pasukan bermarga mengucapkan terimakasih atas pujiannya....kami syang cinecrib","18"
"https://www.youtube.com/@reshyabsidqi1583","@reshyabsidqi1583","1 tahun yang lalu","https://www.youtube.com/watch?v=xKBJPqAt8gA&lc=UgzFhSYFcy49umKsRqd4AaABAg","React trailer film pemandi jenazah donk bng","2"
"https://www.youtube.com/@yaidyl7905","@yaidyl7905","1 tahun yang lalu","https://www.youtube.com/watch?v=xKBJPqAt8gA&lc=Ugydabtgxy-EPnCs9Et4AaABAg","Aaaak kangen kalian banget",""
"https://www.youtube.com/@fahrezafray2689","@fahrezafray2689","1 tahun yang lalu (diedit)","https://www.youtube.com/watch?v=xKBJPqAt8gA&lc=UgzRaAcOD1WXfa30ITB4AaABAg","Oki Rengga gak diajak pas di NNS dan dibayar lunas dengan aktingnya yang cukup memukau di Agak Laen, kalo menurut gw Oki MVP di Agak Laen ini","207"
"https://www.youtube.com/@senoaji3230","@senoaji3230","1 tahun yang lalu","https://www.youtube.com/watch?v=xKBJPqAt8gA&lc=Ugx1B9diDrH3hwj17ql4AaABAg","Baru aja selesai nonton yg 12.30, 2 jam nonton nonstop ngakak gk ada bosennya. Bagus bgt.","5"
"https://www.youtube.com/@Putunitikavidya_27","@Putunitikavidya_27","1 tahun yang lalu","https://www.youtube.com/watch?v=xKBJPqAt8gA&lc=UgzRsW0fdUawhEHRCMF4AaABAg","emang lucu bgt ya diatas penderitaan","1"
"https://www.youtube.com/@menorah759","@menorah759","1 tahun yang lalu","https://www.youtube.com/watch?v=xKBJPqAt8gA&lc=UgyEdCmvUj0MwfAbTzp4AaABAg","Yess awal tahun udh the best sih...","1"
"https://www.youtube.com/@ilhamwahyudi9","@ilhamwahyudi9","1 tahun yang lalu","https://www.youtube.com/watch?v=xKBJPqAt8gA&lc=Ugy56f0P87BWphRgRux4AaABAg","Agak laen, gila, keren.","2"
"https://www.youtube.com/@dgilangdwmny8774","@dgilangdwmny8774","1 tahun yang lalu (diedit)","https://www.youtube.com/watch?v=xKBJPqAt8gA&lc=Ugz7fHcWdivPAOslG4h4AaABAg","Oki Rengga is the MVP. Ngeliat mimik muka sama gestur Oki Rengga aja udah ngakak.","101"
"https://www.youtube.com/@didiettry","@didiettry","1 tahun yang lalu","https://www.youtube.com/watch?v=xKBJPqAt8gA&lc=UgylL6bReApGgo-aCHh4AaABAg","Satu Studio ngakak terus, entar pas mulai ada drama jadi hening, entar pada ngakak lagi","4"
"https://www.youtube.com/@dvwn5389","@dvwn5389","1 tahun yang lalu","https://www.youtube.com/watch?v=xKBJPqAt8gA&lc=Ugx6wu6HSQP2MmeAEsx4AaABAg","auto otw nonton hari ini!!","1"
"https://www.youtube.com/@minemo9116","@minemo9116","1 tahun yang lalu","https://www.youtube.com/watch?v=xKBJPqAt8gA&lc=UgwJ4I7M-1dbs-PTuZt4AaABAg","Dengerin mereka ngobrol jadi ikut ngebayangin adegan film nya. Ikut ketawa2 sendiri. Tp emang Oki is the best...","3"
"https://www.youtube.com/@CliperGames96","@CliperGames96","1 tahun yang lalu","https://www.youtube.com/watch?v=xKBJPqAt8gA&lc=UgyxiI0d-urk_dRLaGt4AaABAg","Imajinari memberikan standart film indo","2"
"https://www.youtube.com/@nokiariw","@nokiariw","1 tahun yang lalu","https://www.youtube.com/watch?v=xKBJPqAt8gA&lc=Ugy5oYJl-OtR6VoOKSd4AaABAg&pp=0gcJCSMANpG00pGi","Semua karakter yang muncul di film ini dibekali punchline","4"
"https://www.youtube.com/@nafaokthasalsalbilla6272","@nafaokthasalsalbilla6272","1 tahun yang lalu","https://www.youtube.com/watch?v=xKBJPqAt8gA&lc=UgyNL3hBLl93yMBJ-GV4AaABAg","Emang pecah sih, ini aja nonton review cine crib jadi inget lagi jokes gobloknya malah ketawa lagi wkwkwk","4"
"https://www.youtube.com/@nazarudinnur2549","@nazarudinnur2549","1 tahun yang lalu","https://www.youtube.com/watch?v=xKBJPqAt8gA&lc=UgyMZ3C_a_8QDIoael94AaABAg","Imajinari","2"
"https://www.youtube.com/@lionelsikudo","@lionelsikudo","1 tahun yang lalu","https://www.youtube.com/watch?v=xKBJPqAt8gA&lc=UgyfRFjL0OPr83q2-rp4AaABAg","pasukan bermarga mengucapkan terimakasih atas pujiannya....kami syang cinecrib","18"
"https://www.youtube.com/@reshyabsidqi1583","@reshyabsidqi1583","1 tahun yang lalu","https://www.youtube.com/watch?v=xKBJPqAt8gA&lc=UgzFhSYFcy49umKsRqd4AaABAg","React trailer film pemandi jenazah donk bng","2"
"https://www.youtube.com/@yaidyl7905","@yaidyl7905","1 tahun yang lalu","https://www.youtube.com/watch?v=xKBJPqAt8gA&lc=Ugydabtgxy-EPnCs9Et4AaABAg","Aaaak kangen kalian banget",""
"https://www.youtube.com/@fahrezafray2689","@fahrezafray2689","1 tahun yang lalu (diedit)","https://www.youtube.com/watch?v=xKBJPqAt8gA&lc=UgzRaAcOD1WXfa30ITB4AaABAg","Oki Rengga gak diajak pas di NNS dan dibayar lunas dengan aktingnya yang cukup memukau di Agak Laen, kalo menurut gw Oki MVP di Agak Laen ini","207"
"https://www.youtube.com/@senoaji3230","@senoaji3230","1 tahun yang lalu","https://www.youtube.com/watch?v=xKBJPqAt8gA&lc=Ugx1B9diDrH3hwj17ql4AaABAg","Baru aja selesai nonton yg 12.30, 2 jam nonton nonstop ngakak gk ada bosennya. Bagus bgt.","5"
"https://www.youtube.com/@Putunitikavidya_27","@Putunitikavidya_27","1 tahun yang lalu","https://www.youtube.com/watch?v=xKBJPqAt8gA&lc=UgzRsW0fdUawhEHRCMF4AaABAg","emang lucu bgt ya diatas penderitaan","1"
"https://www.youtube.com/@menorah759","@menorah759","1 tahun yang lalu","https://www.youtube.com/watch?v=xKBJPqAt8gA&lc=UgyEdCmvUj0MwfAbTzp4AaABAg","Yess awal tahun udh the best sih...","1"
"https://www.youtube.com/@ilhamwahyudi9","@ilhamwahyudi9","1 tahun yang lalu","https://www.youtube.com/watch?v=xKBJPqAt8gA&lc=Ugy56f0P87BWphRgRux4AaABAg","Agak laen, gila, keren.","2"
"https://www.youtube.com/@dgilangdwmny8774","@dgilangdwmny8774","1 tahun yang lalu (diedit)","https://www.youtube.com/watch?v=xKBJPqAt8gA&lc=Ugz7fHcWdivPAOslG4h4AaABAg","Oki Rengga is the MVP. Ngeliat mimik muka sama gestur Oki Rengga aja udah ngakak.","101"
"https://www.youtube.com/@97DH","@97DH","1 tahun yang lalu","https://www.youtube.com/watch?v=xKBJPqAt8gA&lc=UgwS1A404wR0V0WhFm94AaABAg","""beb tolong tutup pintunya""","6"
"https://www.youtube.com/@mys33cool","@mys33cool","1 tahun yang lalu","https://www.youtube.com/watch?v=xKBJPqAt8gA&lc=UgzEPtGogcjlDjsOwVF4AaABAg","Aktingnya oki bagus…","2"
"https://www.youtube.com/@snwntsrc","@snwntsrc","1 tahun yang lalu","https://www.youtube.com/watch?v=xKBJPqAt8gA&lc=UgzGVdurtBxVJszvm094AaABAg","sudah nonton, bagussss filmnya","1"
"https://www.youtube.com/@garfirayes","@garfirayes","1 tahun yang lalu","https://www.youtube.com/watch?v=xKBJPqAt8gA&lc=UgxIWljsmVYHYtihJjh4AaABAg","Ini bagus !","3"
"https://www.youtube.com/@semuthidupp","@semuthidupp","1 tahun yang lalu","https://www.youtube.com/watch?v=xKBJPqAt8gA&lc=UgyNYYYCD1kt9sRtHEJ4AaABAg","Baru nonton kemarin. Lucu nih pilem.","1"
"https://www.youtube.com/@sutejasastra","@sutejasastra","1 tahun yang lalu","https://www.youtube.com/watch?v=xKBJPqAt8gA&lc=Ugw0Vm2roJ_iOcfij2t4AaABAg","nonton ini, saya ketawa sampe nangis,,tapi nangis haru pun jadi 2x,,gila sih ini..","3"
"https://www.youtube.com/@heppyoktavian2068","@heppyoktavian2068","1 tahun yang lalu","https://www.youtube.com/watch?v=xKBJPqAt8gA&lc=Ugx2y2QVq9zB1FrvwbF4AaABAg","Setelah film : Jatuh cinta seperti di film2.....Agak laen.....kereeeen","2"
"https://www.youtube.com/@segitukeponya.","@segitukeponya.","1 tahun yang lalu","https://www.youtube.com/watch?v=xKBJPqAt8gA&lc=UgxTi69UrdfLVFU2V_94AaABAg","abis nonton dan gue nangis pas part oki.  tp mereka berempat juga gabisa terpisahkan . apalagi part ending nya itu huaaaaaa best","5"
"https://www.youtube.com/@ogyherdiana7646","@ogyherdiana7646","1 tahun yang lalu","https://www.youtube.com/watch?v=xKBJPqAt8gA&lc=UgyClPD9wRYHesUx16N4AaABAg","Adegan dengan ibunya yang lagi sakit sedih banget","3"
"https://www.youtube.com/@nurbaiti_hikaru","@nurbaiti_hikaru","1 tahun yang lalu","https://www.youtube.com/watch?v=xKBJPqAt8gA&lc=UgwG_1PWxaHwFRlaLep4AaABAg","Review yang ditunggu-tunggu. Udah tertarik nonton sejak lihat trailer dan nonton podcastnya, ditambah review bagus dari Cine Crib, Acho juga track recordnya bagus. Fix, gas nonton.","4"
"https://www.youtube.com/@ekaayu720","@ekaayu720","1 tahun yang lalu","https://www.youtube.com/watch?v=xKBJPqAt8gA&lc=UgxgoUWpuVGZX2l4baR4AaABAg","nonton hari minggu kemaren, kereeen banget...10/10","3"
"https://www.youtube.com/@yustinalfret2801","@yustinalfret2801","1 tahun yang lalu","https://www.youtube.com/watch?v=xKBJPqAt8gA&lc=UgxlMMTgZkeUKIKVNaB4AaABAg","Filmnya ngingatin gua dgn film warkop DKI tapi versi kekinian mantap bro.... Komedinya renyah... Setiap menit ngakak terus.. Ampun
Di tunggu Agak Laen 2","4"
"https://www.youtube.com/@fidellr","@fidellr","1 tahun yang lalu","https://www.youtube.com/watch?v=xKBJPqAt8gA&lc=Ugxs7DKvSfgjtx6PlJh4AaABAg","Asli abis nonton rasanya kayak abis turun dari rollercoster. Gokil imajinari","2"
"https://www.youtube.com/@septipurwosunu7741","@septipurwosunu7741","1 tahun yang lalu","https://www.youtube.com/watch?v=xKBJPqAt8gA&lc=UgxPwIwXJNdhyv4O6ul4AaABAg","Ih sepemikiran bgt.... Aku juga mikir ini kek film warkop lama. Bangga setelah era blio ada lagi film komedi yg berkualitas","2"
"https://www.youtube.com/@husainadam2855","@husainadam2855","1 tahun yang lalu","https://www.youtube.com/watch?v=xKBJPqAt8gA&lc=Ugw29gCz6T1CgjwA7e94AaABAg","Hadir bang","1"
"https://www.youtube.com/@kloverspenang9305","@kloverspenang9305","1 tahun yang lalu","https://www.youtube.com/watch?v=xKBJPqAt8gA&lc=UgyW28eygjXtH41pl5x4AaABAg","Nonton Agak Laen di bioskop itu, kita kayak lg nobar sama keluaraga. Tidak saling kenal tapi saling lirik dan tertawa terbahak-bahak. Thx Ernest udah buat film yg bisa bikin 1 bioskop happy dan hilang beban pikiran walau sementara wkwkwkw
Agak laen keren sihhh","2"
"https://www.youtube.com/@deBurung","@deBurung","1 tahun yang lalu","https://www.youtube.com/watch?v=xKBJPqAt8gA&lc=UgzcDubgfrI3JjTiYnJ4AaABAg","ngweriii","1"
"https://www.youtube.com/@ex-cyborg","@ex-cyborg","1 tahun yang lalu (diedit)","https://www.youtube.com/watch?v=xKBJPqAt8gA&lc=Ugw_SgsFpDIRQRbihjh4AaABAg","ajiiibbb.. goes to 5 juta penonton! bangga gue sbg pasukan (non) bermarga. semoga awet di bioskop krn baru bisa nonton minggu depan","185"
"https://www.youtube.com/@riyadi6936","@riyadi6936","1 tahun yang lalu","https://www.youtube.com/watch?v=xKBJPqAt8gA&lc=UgxyLYK5C7XDLVeTkHR4AaABAg","Imajinari beneran imajinatif.","3"
"https://www.youtube.com/@davidteguhsaputra3473","@davidteguhsaputra3473","1 tahun yang lalu","https://www.youtube.com/watch?v=xKBJPqAt8gA&lc=Ugzm6ICM_DsjYg3_NGp4AaABAg","formula seperti warkop mudahan ip nya lanjut terus","2"
"https://www.youtube.com/@heppyoktavian2068","@heppyoktavian2068","1 tahun yang lalu","https://www.youtube.com/watch?v=xKBJPqAt8gA&lc=Ugx2y2QVq9zB1FrvwbF4AaABAg","Setelah film : Jatuh cinta seperti di film2.....Agak laen.....kereeeen","2"
"https://www.youtube.com/@segitukeponya.","@segitukeponya.","1 tahun yang lalu","https://www.youtube.com/watch?v=xKBJPqAt8gA&lc=UgxTi69UrdfLVFU2V_94AaABAg","abis nonton dan gue nangis pas part oki.  tp mereka berempat juga gabisa terpisahkan . apalagi part ending nya itu huaaaaaa best","5"
"https://www.youtube.com/@ogyherdiana7646","@ogyherdiana7646","1 tahun yang lalu","https://www.youtube.com/watch?v=xKBJPqAt8gA&lc=UgyClPD9wRYHesUx16N4AaABAg","Adegan dengan ibunya yang lagi sakit sedih banget","3"
"https://www.youtube.com/@nurbaiti_hikaru","@nurbaiti_hikaru","1 tahun yang lalu","https://www.youtube.com/watch?v=xKBJPqAt8gA&lc=UgwG_1PWxaHwFRlaLep4AaABAg","Review yang ditunggu-tunggu. Udah tertarik nonton sejak lihat trailer dan nonton podcastnya, ditambah review bagus dari Cine Crib, Acho juga track recordnya bagus. Fix, gas nonton.","4"
"https://www.youtube.com/@ekaayu720","@ekaayu720","1 tahun yang lalu","https://www.youtube.com/watch?v=xKBJPqAt8gA&lc=UgxgoUWpuVGZX2l4baR4AaABAg","nonton hari minggu kemaren, kereeen banget...10/10","3"
"https://www.youtube.com/@yustinalfret2801","@yustinalfret2801","1 tahun yang lalu","https://www.youtube.com/watch?v=xKBJPqAt8gA&lc=UgxlMMTgZkeUKIKVNaB4AaABAg","Filmnya ngingatin gua dgn film warkop DKI tapi versi kekinian mantap bro.... Komedinya renyah... Setiap menit ngakak terus.. Ampun
Di tunggu Agak Laen 2","4"
"https://www.youtube.com/@fidellr","@fidellr","1 tahun yang lalu","https://www.youtube.com/watch?v=xKBJPqAt8gA&lc=Ugxs7DKvSfgjtx6PlJh4AaABAg","Asli abis nonton rasanya kayak abis turun dari rollercoster. Gokil imajinari","2"
"https://www.youtube.com/@septipurwosunu7741","@septipurwosunu7741","1 tahun yang lalu","https://www.youtube.com/watch?v=xKBJPqAt8gA&lc=UgxPwIwXJNdhyv4O6ul4AaABAg","Ih sepemikiran bgt.... Aku juga mikir ini kek film warkop lama. Bangga setelah era blio ada lagi film komedi yg berkualitas","2"
"https://www.youtube.com/@husainadam2855","@husainadam2855","1 tahun yang lalu","https://www.youtube.com/watch?v=xKBJPqAt8gA&lc=Ugw29gCz6T1CgjwA7e94AaABAg","Hadir bang","1"
"https://www.youtube.com/@kloverspenang9305","@kloverspenang9305","1 tahun yang lalu","https://www.youtube.com/watch?v=xKBJPqAt8gA&lc=UgyW28eygjXtH41pl5x4AaABAg","Nonton Agak Laen di bioskop itu, kita kayak lg nobar sama keluaraga. Tidak saling kenal tapi saling lirik dan tertawa terbahak-bahak. Thx Ernest udah buat film yg bisa bikin 1 bioskop happy dan hilang beban pikiran walau sementara wkwkwkw
Agak laen keren sihhh","2"
"https://www.youtube.com/@deBurung","@deBurung","1 tahun yang lalu","https://www.youtube.com/watch?v=xKBJPqAt8gA&lc=UgzcDubgfrI3JjTiYnJ4AaABAg","ngweriii","1"
"https://www.youtube.com/@ex-cyborg","@ex-cyborg","1 tahun yang lalu (diedit)","https://www.youtube.com/watch?v=xKBJPqAt8gA&lc=Ugw_SgsFpDIRQRbihjh4AaABAg","ajiiibbb.. goes to 5 juta penonton! bangga gue sbg pasukan (non) bermarga. semoga awet di bioskop krn baru bisa nonton minggu depan","185"
"https://www.youtube.com/@riyadi6936","@riyadi6936","1 tahun yang lalu","https://www.youtube.com/watch?v=xKBJPqAt8gA&lc=UgxyLYK5C7XDLVeTkHR4AaABAg","Imajinari beneran imajinatif.","3"
"https://www.youtube.com/@davidteguhsaputra3473","@davidteguhsaputra3473","1 tahun yang lalu","https://www.youtube.com/watch?v=xKBJPqAt8gA&lc=Ugzm6ICM_DsjYg3_NGp4AaABAg","formula seperti warkop mudahan ip nya lanjut terus","2"
"https://www.youtube.com/@cisco639","@cisco639","1 tahun yang lalu","https://www.youtube.com/watch?v=xKBJPqAt8gA&lc=Ugxh8hPtZce3bPzZG_54AaABAg&pp=0gcJCSMANpG00pGi","Hebat Ernest dengan imajinari, bikin ph sendiri bisa cuan banyak.","4"
"https://www.youtube.com/@alfi_syahriin","@alfi_syahriin","1 tahun yang lalu","https://www.youtube.com/watch?v=xKBJPqAt8gA&lc=Ugyq1QXUHrXhw_6JGgt4AaABAg","Sudah lama film komedi yang fresh di nanti nanti masyarakat dan akhirnya ada film agak laen ini yang luar biasa buat ngakak campur sedih horornya pun dapet, sangat menghibur sekali!","3"
"https://www.youtube.com/@itszhra26","@itszhra26","1 tahun yang lalu","https://www.youtube.com/watch?v=xKBJPqAt8gA&lc=UgzjrIub8QOUjmM8vAN4AaABAg","Kerennn, ga kecewa si nonton.. pecah satu studio!","1"
"https://www.youtube.com/@RizkyGusna","@RizkyGusna","1 tahun yang lalu","https://www.youtube.com/watch?v=xKBJPqAt8gA&lc=UgxwNlmbgaVHSc_HNx54AaABAg","Melebihi ekspektasiku dalam segala aspek. Puas banget. Love abang2 agak laenku","3"
"https://www.youtube.com/@jejejehuda6511","@jejejehuda6511","1 tahun yang lalu","https://www.youtube.com/watch?v=xKBJPqAt8gA&lc=Ugwb_4zbaTIDbmRg7a54AaABAg","Pecah, ngakak gw pas scene dikejar hantunya yg jegel kegantung itu gw ngakak asli","2"
"https://www.youtube.com/@FatkillaAgent","@FatkillaAgent","1 tahun yang lalu","https://www.youtube.com/watch?v=xKBJPqAt8gA&lc=UgxaxBBaM3fCxoTy_gN4AaABAg","Bisa jadi the next Warkop DKI. Harus ada Agak Laen lainnya","2"
"https://www.youtube.com/@irwanbayuensar9610","@irwanbayuensar9610","1 tahun yang lalu","https://www.youtube.com/watch?v=xKBJPqAt8gA&lc=UgxjLsHVHuJT2nPiqeh4AaABAg","Gara-gara warisan aja gw nangis sesegukan apalagi nonton ini dong","4"
"https://www.youtube.com/@sambas1376","@sambas1376","1 tahun yang lalu","https://www.youtube.com/watch?v=xKBJPqAt8gA&lc=UgzG33GTTbi6eYXM37t4AaABAg","Awalnya lucu abis",""
"https://www.youtube.com/@PurpleCupcakeCh","@PurpleCupcakeCh","1 tahun yang lalu","https://www.youtube.com/watch?v=xKBJPqAt8gA&lc=UgwyQv9d_sLFK0Vm8uh4AaABAg","Film yg bikin penuh bioskop nih....siap2 nontonlah...","1"
"https://www.youtube.com/@close2mrtj","@close2mrtj","1 tahun yang lalu","https://www.youtube.com/watch?v=xKBJPqAt8gA&lc=UgwjwK_y7iOHs0Wm97V4AaABAg","baru nonton semalem, dan seperti dugaan gw: bagus banget nget nget. suka lah gw pokonyaa!!","4"
"https://www.youtube.com/@hahazrina789","@hahazrina789","1 tahun yang lalu","https://www.youtube.com/watch?v=xKBJPqAt8gA&lc=UgxxXZ8Og5loNA5XRq54AaABAg","wkwkwkk nonton ini setelah nonton filmnya ikutan ketawa-ketawa sendiri krn nginget adegan2nya. bener kata ketua, bakal ketawa2 sendiri sehabis selesai nonton ini","3"
"https://www.youtube.com/@imaderiskipangestangu4736","@imaderiskipangestangu4736","1 tahun yang lalu","https://www.youtube.com/watch?v=xKBJPqAt8gA&lc=UgzL4dhH1S8d14yPBRR4AaABAg","Film imajinari sejauh ini bagus² semua","3"
"https://www.youtube.com/@greenyellow3373","@greenyellow3373","1 tahun yang lalu","https://www.youtube.com/watch?v=xKBJPqAt8gA&lc=Ugz4Hxe93pbW4r-T9ah4AaABAg","Bikin ketawa ngakak sampe nangis. Baguuussssss","3"
"https://www.youtube.com/@rdwisani34","@rdwisani34","1 tahun yang lalu","https://www.youtube.com/watch?v=xKBJPqAt8gA&lc=Ugy5VSANB--BcjD9cop4AaABAg&pp=0gcJCSMANpG00pGi","Bahagia bgt gw nonton ini. Ringan tp kocak gimana sih. Komedinya gak maksa juga. Paling ngakak pas mau mindahin mayat bau kopi. Matinya asam lambung. Trus arie kiting: oh GERD!!!",""
"https://www.youtube.com/@muhamadpandupratama9905","@muhamadpandupratama9905","1 tahun yang lalu","https://www.youtube.com/watch?v=xKBJPqAt8gA&lc=Ugx7gEmFw8MoQKqKWyl4AaABAg","Cuman pas bagian oki nangis tuh kaya kurang okii, menurut gua cuman pas akting drama sedih sii kerenn okii","3"
"https://www.youtube.com/@lahirbulanjuni","@lahirbulanjuni","1 tahun yang lalu","https://www.youtube.com/watch?v=xKBJPqAt8gA&lc=UgyxnX1r-R7hWov7w7R4AaABAg","baru keluar nonton, penuh banget di bioskop tadi, keren!","3"
"https://www.youtube.com/@satilas8461","@satilas8461","1 tahun yang lalu","https://www.youtube.com/watch?v=xKBJPqAt8gA&lc=UgyhrP3SuYrLogxSNmZ4AaABAg","Hari pertama.nonton lumayan rame walau belum penuh, td nonton balik .. bewwww... sdh di jam.ke3 masih rebutan kursi diantrian ..penuh ..standing aplause buat Oky yg aktingnya beneran ok, 8/10 buat agak laen , dan betul Acho makin.kesini makin ok buat jd sutradara","3"
"https://www.youtube.com/@iiosomnia","@iiosomnia","1 tahun yang lalu","https://www.youtube.com/watch?v=xKBJPqAt8gA&lc=UgzP6uA2nM4wzMgYGMV4AaABAg","yang paling gokil itu produk placementnya. gila ini seenak jidat masukin produk placement dan bikin kita ketawa","1"
"https://www.youtube.com/@familiproject9787","@familiproject9787","1 tahun yang lalu","https://www.youtube.com/watch?v=xKBJPqAt8gA&lc=UgxDAGlS-CsH4y_n0TZ4AaABAg","Suka.. ceritanya solid. Bagian terbaiknya adalah back sound nya yg detail banget dan pas di tiap adegan. Komedi nya fresh, tapi kayaknya kalau yg main gak banyak comica mungkin bakal lebih lucu lagi sih karena ga akan ketebak. Karena di mindset kalau comica pasti bakal lucu.. Sama setting latar film nya meski di pasar malem tapi kayak angle nya berasa itu lagi itu lagi.. kurang explore pedagang2 makanannya, mainan2nya.. 
Tapi overall yaaa baguuuslah, wajib tonton!","6"
"https://www.youtube.com/@janari3482","@janari3482","1 tahun yang lalu","https://www.youtube.com/watch?v=xKBJPqAt8gA&lc=UgyQMWSmftcXj7y1-qV4AaABAg","Otw nnton dah, kmrn mau nnton hbs kereta berdarah udh full sisa paling depan aja kursinya.","2"
"https://www.youtube.com/@RizkyGusna","@RizkyGusna","1 tahun yang lalu","https://www.youtube.com/watch?v=xKBJPqAt8gA&lc=UgxwNlmbgaVHSc_HNx54AaABAg","Melebihi ekspektasiku dalam segala aspek. Puas banget. Love abang2 agak laenku","3"
"https://www.youtube.com/@jejejehuda6511","@jejejehuda6511","1 tahun yang lalu","https://www.youtube.com/watch?v=xKBJPqAt8gA&lc=Ugwb_4zbaTIDbmRg7a54AaABAg","Pecah, ngakak gw pas scene dikejar hantunya yg jegel kegantung itu gw ngakak asli","2"
"https://www.youtube.com/@FatkillaAgent","@FatkillaAgent","1 tahun yang lalu","https://www.youtube.com/watch?v=xKBJPqAt8gA&lc=UgxaxBBaM3fCxoTy_gN4AaABAg","Bisa jadi the next Warkop DKI. Harus ada Agak Laen lainnya","2"
"https://www.youtube.com/@irwanbayuensar9610","@irwanbayuensar9610","1 tahun yang lalu","https://www.youtube.com/watch?v=xKBJPqAt8gA&lc=UgxjLsHVHuJT2nPiqeh4AaABAg","Gara-gara warisan aja gw nangis sesegukan apalagi nonton ini dong","4"
"https://www.youtube.com/@sambas1376","@sambas1376","1 tahun yang lalu","https://www.youtube.com/watch?v=xKBJPqAt8gA&lc=UgzG33GTTbi6eYXM37t4AaABAg","Awalnya lucu abis",""
"https://www.youtube.com/@PurpleCupcakeCh","@PurpleCupcakeCh","1 tahun yang lalu","https://www.youtube.com/watch?v=xKBJPqAt8gA&lc=UgwyQv9d_sLFK0Vm8uh4AaABAg","Film yg bikin penuh bioskop nih....siap2 nontonlah...","1"
"https://www.youtube.com/@close2mrtj","@close2mrtj","1 tahun yang lalu","https://www.youtube.com/watch?v=xKBJPqAt8gA&lc=UgwjwK_y7iOHs0Wm97V4AaABAg","baru nonton semalem, dan seperti dugaan gw: bagus banget nget nget. suka lah gw pokonyaa!!","4"
"https://www.youtube.com/@hahazrina789","@hahazrina789","1 tahun yang lalu","https://www.youtube.com/watch?v=xKBJPqAt8gA&lc=UgxxXZ8Og5loNA5XRq54AaABAg","wkwkwkk nonton ini setelah nonton filmnya ikutan ketawa-ketawa sendiri krn nginget adegan2nya. bener kata ketua, bakal ketawa2 sendiri sehabis selesai nonton ini","3"
"https://www.youtube.com/@imaderiskipangestangu4736","@imaderiskipangestangu4736","1 tahun yang lalu","https://www.youtube.com/watch?v=xKBJPqAt8gA&lc=UgzL4dhH1S8d14yPBRR4AaABAg","Film imajinari sejauh ini bagus² semua","3"
"https://www.youtube.com/@greenyellow3373","@greenyellow3373","1 tahun yang lalu","https://www.youtube.com/watch?v=xKBJPqAt8gA&lc=Ugz4Hxe93pbW4r-T9ah4AaABAg","Bikin ketawa ngakak sampe nangis. Baguuussssss","3"
"https://www.youtube.com/@rdwisani34","@rdwisani34","1 tahun yang lalu","https://www.youtube.com/watch?v=xKBJPqAt8gA&lc=Ugy5VSANB--BcjD9cop4AaABAg&pp=0gcJCSMANpG00pGi","Bahagia bgt gw nonton ini. Ringan tp kocak gimana sih. Komedinya gak maksa juga. Paling ngakak pas mau mindahin mayat bau kopi. Matinya asam lambung. Trus arie kiting: oh GERD!!!",""
"https://www.youtube.com/@muhamadpandupratama9905","@muhamadpandupratama9905","1 tahun yang lalu","https://www.youtube.com/watch?v=xKBJPqAt8gA&lc=Ugx7gEmFw8MoQKqKWyl4AaABAg","Cuman pas bagian oki nangis tuh kaya kurang okii, menurut gua cuman pas akting drama sedih sii kerenn okii","3"
"https://www.youtube.com/@lahirbulanjuni","@lahirbulanjuni","1 tahun yang lalu","https://www.youtube.com/watch?v=xKBJPqAt8gA&lc=UgyxnX1r-R7hWov7w7R4AaABAg","baru keluar nonton, penuh banget di bioskop tadi, keren!","3"
"https://www.youtube.com/@satilas8461","@satilas8461","1 tahun yang lalu","https://www.youtube.com/watch?v=xKBJPqAt8gA&lc=UgyhrP3SuYrLogxSNmZ4AaABAg","Hari pertama.nonton lumayan rame walau belum penuh, td nonton balik .. bewwww... sdh di jam.ke3 masih rebutan kursi diantrian ..penuh ..standing aplause buat Oky yg aktingnya beneran ok, 8/10 buat agak laen , dan betul Acho makin.kesini makin ok buat jd sutradara","3"
"https://www.youtube.com/@iiosomnia","@iiosomnia","1 tahun yang lalu","https://www.youtube.com/watch?v=xKBJPqAt8gA&lc=UgzP6uA2nM4wzMgYGMV4AaABAg","yang paling gokil itu produk placementnya. gila ini seenak jidat masukin produk placement dan bikin kita ketawa","1"
"https://www.youtube.com/@familiproject9787","@familiproject9787","1 tahun yang lalu","https://www.youtube.com/watch?v=xKBJPqAt8gA&lc=UgxDAGlS-CsH4y_n0TZ4AaABAg","Suka.. ceritanya solid. Bagian terbaiknya adalah back sound nya yg detail banget dan pas di tiap adegan. Komedi nya fresh, tapi kayaknya kalau yg main gak banyak comica mungkin bakal lebih lucu lagi sih karena ga akan ketebak. Karena di mindset kalau comica pasti bakal lucu.. Sama setting latar film nya meski di pasar malem tapi kayak angle nya berasa itu lagi itu lagi.. kurang explore pedagang2 makanannya, mainan2nya.. 
Tapi overall yaaa baguuuslah, wajib tonton!","6"
"https://www.youtube.com/@janari3482","@janari3482","1 tahun yang lalu","https://www.youtube.com/watch?v=xKBJPqAt8gA&lc=UgyQMWSmftcXj7y1-qV4AaABAg","Otw nnton dah, kmrn mau nnton hbs kereta berdarah udh full sisa paling depan aja kursinya.","2"
"https://www.youtube.com/@nanna310","@nanna310","1 tahun yang lalu","https://www.youtube.com/watch?v=xKBJPqAt8gA&lc=Ugyv6c9KKk_kXEQmqAl4AaABAg","Numpang komen. Skip dulu. Nunggu libur biar bisa nonton biar ga kena spoiler. Hahah","2"
"https://www.youtube.com/@nitanf8849","@nitanf8849","1 tahun yang lalu","https://www.youtube.com/watch?v=xKBJPqAt8gA&lc=Ugw3NQQw11_fWduUYuN4AaABAg","Sebagai penikmat konten agak lain, ikut bangga banget.","5"
"https://www.youtube.com/@suekim3121","@suekim3121","1 tahun yang lalu","https://www.youtube.com/watch?v=xKBJPqAt8gA&lc=Ugymc-Vi6lp56cY3qrN4AaABAg","baru nonton reviu abang2 karna baru selesai nonton tadi, asli 8/10 dari aku. lucu bangeett, seru, melebihi ekspektasi aslk","3"
"https://www.youtube.com/@ludibachtiar8772","@ludibachtiar8772","1 tahun yang lalu","https://www.youtube.com/watch?v=xKBJPqAt8gA&lc=Ugy8l0fgvR2UBUj964V4AaABAg&pp=0gcJCSMANpG00pGi","Film yg set up and punchline di dialognya rapat. Kocak ga ada obat. Keluar bioskop masih pengen terkekeh2","2"
"https://www.youtube.com/@femefendiarrizal6263","@femefendiarrizal6263","1 tahun yang lalu","https://www.youtube.com/watch?v=xKBJPqAt8gA&lc=Ugy4UK1MT2Zs0QliylJ4AaABAg","Sebenernya pengen lihat lebih happy ending sih, tapi cukuuup bgt, kereen","1"
"https://www.youtube.com/@amalia9050","@amalia9050","1 tahun yang lalu","https://www.youtube.com/watch?v=xKBJPqAt8gA&lc=UgyzUm_j_8fF3C9Vn1J4AaABAg","Sangat menghibur filmnya.. dan beberapa part horornya beneran serem.. gak bikin nyesel nonton..","1"
"https://www.youtube.com/@erickrahman8117","@erickrahman8117","1 tahun yang lalu","https://www.youtube.com/watch?v=xKBJPqAt8gA&lc=UgyipFnxEW6ZD8tExrN4AaABAg","Terakhir ketawa sampe keluar air mata itu pas awalan nonton despicable me,","1"
"https://www.youtube.com/@imamagusfaizal6624","@imamagusfaizal6624","1 tahun yang lalu","https://www.youtube.com/watch?v=xKBJPqAt8gA&lc=UgyHHrKB73A-WZronaN4AaABAg","Baru aja kelar nonton, overall bang Oki the best","1"
"https://www.youtube.com/@achmadfaisol7120","@achmadfaisol7120","1 tahun yang lalu","https://www.youtube.com/watch?v=xKBJPqAt8gA&lc=UgzgIoMXEOqJZEkK3Qt4AaABAg","baru hari ini kesampean nonton agak laen. beneran pecah sii. gerrr parahh",""
"https://www.youtube.com/@sahabatyorofun6552","@sahabatyorofun6552","1 tahun yang lalu","https://www.youtube.com/watch?v=xKBJPqAt8gA&lc=UgzZLtBeUssWER1c0Hd4AaABAg","Lucu banget aseli HAHA","2"
"https://www.youtube.com/@madamjidi","@madamjidi","1 tahun yang lalu","https://www.youtube.com/watch?v=xKBJPqAt8gA&lc=UgwtRQKtgQRrfhOTouh4AaABAg","Telat banget,baru nntn hari ini,paling ngakak pas adegan pada brantem soal ustad vs pendeta","1"
"https://www.youtube.com/@arisanti7694","@arisanti7694","1 tahun yang lalu","https://www.youtube.com/watch?v=xKBJPqAt8gA&lc=UgzJi4t0FGcbIn-eVGx4AaABAg","Alhamdulillah Ya Allah sama an pendapat sm cine crib ttg nih film, bru kelar nonton di jam pertama bioskop buka Alhamdulillah blm full bnr, sayangnya sy ga ba lepas ketawanya krn takut ganggu penonton yang lain dr suara ketawa ku, pdhl ga ba lah ga ketawa bru liat mrk ada dilayar bioskop dan tambah gerr nya kompor gass bgt.. cm bs nangis aja rasaku ts di studio hahahaha
8/10 lah dr sy ditunggu agak laen 2 ya..","2"
"https://www.youtube.com/@mwniccc","@mwniccc","1 tahun yang lalu","https://www.youtube.com/watch?v=xKBJPqAt8gA&lc=UgzGlL7alM5A_GpPEKx4AaABAg","Sebagai penikmat film komedi puassss bgt sama ni film","2"
"https://www.youtube.com/@nyt..15","@nyt..15","1 tahun yang lalu","https://www.youtube.com/watch?v=xKBJPqAt8gA&lc=UgyDFJ1TkeBFvG9YC2Z4AaABAg","""tiup, tiup"" anjr ngakak banget lah","2"
"https://www.youtube.com/@blushortydanny1274","@blushortydanny1274","1 tahun yang lalu","https://www.youtube.com/watch?v=xKBJPqAt8gA&lc=UgxoJluBw2znlm_Xdl14AaABAg","kelar nonton happy , kocak parah","2"
"https://www.youtube.com/@IShofyan","@IShofyan","1 tahun yang lalu","https://www.youtube.com/watch?v=xKBJPqAt8gA&lc=UgwaLEXT8h146WZNdGJ4AaABAg&pp=0gcJCSMANpG00pGi","kalo mau dijadi spinoff series. karakter yang di peranin sadana agung tuh jadiin tokoh utama soalnya epic banget itu karakter. wkwkwkw","1"
"https://www.youtube.com/@mirvang","@mirvang","1 tahun yang lalu","https://www.youtube.com/watch?v=xKBJPqAt8gA&lc=UgxklkxG1IpszSCPcoB4AaABAg","Wah calon laku banget ini, okelah bakal nonton.","5"
"https://www.youtube.com/@keeyy__18","@keeyy__18","1 tahun yang lalu","https://www.youtube.com/watch?v=xKBJPqAt8gA&lc=Ugwi0CCqBWWhd3Q0E054AaABAg","blm gas ke bioskop karna blm sempet aja tp dr film ini blm dibuat pun udh seexcited ituu! bangke ya masa liat review nya gini aja gue udh cekikikan... fix bakal sampe nangis bengek ngakak kocak si di bioskop. tungguuu yaaa agak laen aku pasti akan nonton!","3"
"https://www.youtube.com/@RikoAnjas","@RikoAnjas","1 tahun yang lalu","https://www.youtube.com/watch?v=xKBJPqAt8gA&lc=UgyVM014niloybMG2sZ4AaABAg","nonton kemaren, pecah sih","1"
"https://www.youtube.com/@evlarette","@evlarette","1 tahun yang lalu","https://www.youtube.com/watch?v=xKBJPqAt8gA&lc=UgyfCp3gFvXWZCvoyMN4AaABAg","Nonton film berasa kaya nonton special show standup comedy","2"
"https://www.youtube.com/@amalia9050","@amalia9050","1 tahun yang lalu","https://www.youtube.com/watch?v=xKBJPqAt8gA&lc=UgyzUm_j_8fF3C9Vn1J4AaABAg","Sangat menghibur filmnya.. dan beberapa part horornya beneran serem.. gak bikin nyesel nonton..","1"
"https://www.youtube.com/@erickrahman8117","@erickrahman8117","1 tahun yang lalu","https://www.youtube.com/watch?v=xKBJPqAt8gA&lc=UgyipFnxEW6ZD8tExrN4AaABAg","Terakhir ketawa sampe keluar air mata itu pas awalan nonton despicable me,","1"
"https://www.youtube.com/@imamagusfaizal6624","@imamagusfaizal6624","1 tahun yang lalu","https://www.youtube.com/watch?v=xKBJPqAt8gA&lc=UgyHHrKB73A-WZronaN4AaABAg","Baru aja kelar nonton, overall bang Oki the best","1"
"https://www.youtube.com/@achmadfaisol7120","@achmadfaisol7120","1 tahun yang lalu","https://www.youtube.com/watch?v=xKBJPqAt8gA&lc=UgzgIoMXEOqJZEkK3Qt4AaABAg","baru hari ini kesampean nonton agak laen. beneran pecah sii. gerrr parahh",""
"https://www.youtube.com/@sahabatyorofun6552","@sahabatyorofun6552","1 tahun yang lalu","https://www.youtube.com/watch?v=xKBJPqAt8gA&lc=UgzZLtBeUssWER1c0Hd4AaABAg","Lucu banget aseli HAHA","2"
"https://www.youtube.com/@madamjidi","@madamjidi","1 tahun yang lalu","https://www.youtube.com/watch?v=xKBJPqAt8gA&lc=UgwtRQKtgQRrfhOTouh4AaABAg","Telat banget,baru nntn hari ini,paling ngakak pas adegan pada brantem soal ustad vs pendeta","1"
"https://www.youtube.com/@arisanti7694","@arisanti7694","1 tahun yang lalu","https://www.youtube.com/watch?v=xKBJPqAt8gA&lc=UgzJi4t0FGcbIn-eVGx4AaABAg","Alhamdulillah Ya Allah sama an pendapat sm cine crib ttg nih film, bru kelar nonton di jam pertama bioskop buka Alhamdulillah blm full bnr, sayangnya sy ga ba lepas ketawanya krn takut ganggu penonton yang lain dr suara ketawa ku, pdhl ga ba lah ga ketawa bru liat mrk ada dilayar bioskop dan tambah gerr nya kompor gass bgt.. cm bs nangis aja rasaku ts di studio hahahaha
8/10 lah dr sy ditunggu agak laen 2 ya..","2"
"https://www.youtube.com/@mwniccc","@mwniccc","1 tahun yang lalu","https://www.youtube.com/watch?v=xKBJPqAt8gA&lc=UgzGlL7alM5A_GpPEKx4AaABAg","Sebagai penikmat film komedi puassss bgt sama ni film","2"
"https://www.youtube.com/@nyt..15","@nyt..15","1 tahun yang lalu","https://www.youtube.com/watch?v=xKBJPqAt8gA&lc=UgyDFJ1TkeBFvG9YC2Z4AaABAg","""tiup, tiup"" anjr ngakak banget lah","2"
"https://www.youtube.com/@blushortydanny1274","@blushortydanny1274","1 tahun yang lalu","https://www.youtube.com/watch?v=xKBJPqAt8gA&lc=UgxoJluBw2znlm_Xdl14AaABAg","kelar nonton happy , kocak parah","2"
"https://www.youtube.com/@IShofyan","@IShofyan","1 tahun yang lalu","https://www.youtube.com/watch?v=xKBJPqAt8gA&lc=UgwaLEXT8h146WZNdGJ4AaABAg&pp=0gcJCSMANpG00pGi","kalo mau dijadi spinoff series. karakter yang di peranin sadana agung tuh jadiin tokoh utama soalnya epic banget itu karakter. wkwkwkw","1"
"https://www.youtube.com/@mirvang","@mirvang","1 tahun yang lalu","https://www.youtube.com/watch?v=xKBJPqAt8gA&lc=UgxklkxG1IpszSCPcoB4AaABAg","Wah calon laku banget ini, okelah bakal nonton.","5"
"https://www.youtube.com/@keeyy__18","@keeyy__18","1 tahun yang lalu","https://www.youtube.com/watch?v=xKBJPqAt8gA&lc=Ugwi0CCqBWWhd3Q0E054AaABAg","blm gas ke bioskop karna blm sempet aja tp dr film ini blm dibuat pun udh seexcited ituu! bangke ya masa liat review nya gini aja gue udh cekikikan... fix bakal sampe nangis bengek ngakak kocak si di bioskop. tungguuu yaaa agak laen aku pasti akan nonton!","3"
"https://www.youtube.com/@RikoAnjas","@RikoAnjas","1 tahun yang lalu","https://www.youtube.com/watch?v=xKBJPqAt8gA&lc=UgyVM014niloybMG2sZ4AaABAg","nonton kemaren, pecah sih","1"
"https://www.youtube.com/@evlarette","@evlarette","1 tahun yang lalu","https://www.youtube.com/watch?v=xKBJPqAt8gA&lc=UgyfCp3gFvXWZCvoyMN4AaABAg","Nonton film berasa kaya nonton special show standup comedy","2"
"https://www.youtube.com/@BramantyoHD","@BramantyoHD","1 tahun yang lalu","https://www.youtube.com/watch?v=xKBJPqAt8gA&lc=UgyWjmvdyct5-vtUp_d4AaABAg","Auto nonton","1"
"https://www.youtube.com/@Junimanyunn","@Junimanyunn","1 tahun yang lalu","https://www.youtube.com/watch?v=xKBJPqAt8gA&lc=Ugx5x9Y0AJej7Fa_AzB4AaABAg","gw sampe sakit perut dan capeeeee sakingg  ketawa mulu, pokonya ada scene yg beneran berentet bgt kocaknya sampe beneran sampe capeee bgt yg scene legend jegel ga bisa turun anjir lah  banyak bgt scene legend kocak yg kalo sampe rumah pun masih keinget trus jadi ketawa lagi","2"
"https://www.youtube.com/@azaleamarindrapatrissia4311","@azaleamarindrapatrissia4311","1 tahun yang lalu","https://www.youtube.com/watch?v=xKBJPqAt8gA&lc=UgyiiG7cDV0ZLZB5uV14AaABAg","film yg konsisten sama judulnya, agak laenn  .. wkwk
sedap banget laahhh..","2"
"https://www.youtube.com/@dolanbae9578","@dolanbae9578","1 tahun yang lalu","https://www.youtube.com/watch?v=xKBJPqAt8gA&lc=Ugwc4fztAhBHqZZQS654AaABAg","Semalam full studio 
Pdhl jam 21.30","2"
"https://www.youtube.com/@fivebagsforlife7479","@fivebagsforlife7479","1 tahun yang lalu (diedit)","https://www.youtube.com/watch?v=xKBJPqAt8gA&lc=Ugx1qEEEC7HKGB_BMkF4AaABAg","Balik lagi kesini setelah nonton gara2 liat review ini… dan ternyata lucu beneran, buat aku yang ambang ketawanya tinggi, seringkali ngakak di film ini dan sebioskop beneran ngakak terus.. bravo! Adegan favorit pas boris ditelpon emaknye","1"
"https://www.youtube.com/@namira7191","@namira7191","1 tahun yang lalu","https://www.youtube.com/watch?v=xKBJPqAt8gA&lc=UgxceKiGV6Vur5uUtPR4AaABAg","Hormat komandan totong🫡🫡🫡","2"
"https://www.youtube.com/@autumncantabile","@autumncantabile","1 tahun yang lalu","https://www.youtube.com/watch?v=xKBJPqAt8gA&lc=UgzfiMyanl1Yv8JaDDd4AaABAg","emang seru bgt sih filmnya, genius! gila!!! kocak!!!","1"
"https://www.youtube.com/@suzylumbanraja3917","@suzylumbanraja3917","1 tahun yang lalu","https://www.youtube.com/watch?v=xKBJPqAt8gA&lc=UgxSIlBmoH-wyXLg4vR4AaABAg","Ger ger GEEEEEERRRRRRRR  yg blm nonton, nonton, jgn percaya trailer krn keseruan sesungguhnya ada di FULL MOVIE NYAAA","6"
"https://www.youtube.com/@PRODIBKUNIB","@PRODIBKUNIB","1 tahun yang lalu","https://www.youtube.com/watch?v=xKBJPqAt8gA&lc=UgxCOnVN1lH9uLXg6zR4AaABAg","Keren","1"
"https://www.youtube.com/@Kudanilterbang1201","@Kudanilterbang1201","1 tahun yang lalu","https://www.youtube.com/watch?v=xKBJPqAt8gA&lc=Ugwz8ujAB2neCDSAejJ4AaABAg","Ending nya sebenarnya bisa sad dan ngena banget kalau ( spoiler!! )








Mereka ber4 dipenjara, dan buat sekuel agak lain 2","2"
"https://www.youtube.com/@alvianrimbangpramudyo1143","@alvianrimbangpramudyo1143","1 tahun yang lalu","https://www.youtube.com/watch?v=xKBJPqAt8gA&lc=UgwBnotaqrWxuLt5wyB4AaABAg","Aku suka film ini karena kagak menjual keseksian atau fisik","3"
"https://www.youtube.com/@Mpitt_6","@Mpitt_6","1 tahun yang lalu","https://www.youtube.com/watch?v=xKBJPqAt8gA&lc=UgycxmtJNlwXDFgAiUB4AaABAg","Setuju! Semua emosinya dapet, mau yg sedih, ngakak, takut, baper, tegang, semuanya ada. Aktingnya juga bagus2 bgt! Film komedi tapi plotnya padet dan ga ngawur. Perfect sih kalo aku","1"
"https://www.youtube.com/@AriArif-bu4sh","@AriArif-bu4sh","1 tahun yang lalu","https://www.youtube.com/watch?v=xKBJPqAt8gA&lc=UgyNehHvVfOT6BjkM194AaABAg","Setuju sih film ini paket lengkap.","7"
"https://www.youtube.com/@KazehayaSan","@KazehayaSan","1 tahun yang lalu","https://www.youtube.com/watch?v=xKBJPqAt8gA&lc=UgyxBFdXbULduWSheAR4AaABAg","Kocak bener, setannya batak~ wkwk","4"
"https://www.youtube.com/@TyaSdl-zg5vc","@TyaSdl-zg5vc","1 tahun yang lalu","https://www.youtube.com/watch?v=xKBJPqAt8gA&lc=UgxJSa7Lqb7v2wIfeR14AaABAg","BEST BANGET NI CHENEL PALING GERCEP","7"
"https://www.youtube.com/@nurfadillah8162","@nurfadillah8162","1 tahun yang lalu","https://www.youtube.com/watch?v=xKBJPqAt8gA&lc=UgzLErhrZ-DhVZJaxmZ4AaABAg","film ini luar biasa sih menurutku... kebetulan nonton sendiri. di samping kiri ada pasangan kekasih yg ceweknya sempet ngambek karena ada adegan horornya dan dia takut beneran. samping kanan ada keluarga yg terdiri dari ayah, ibu anak cewek. si ibu nangis pas adegan drama Bang oki sama ibunya. Dan aku puas ketawa di setiap adegan humornya... pengen nonton lagi","7"
"https://www.youtube.com/@baeseyi2573","@baeseyi2573","1 tahun yang lalu (diedit)","https://www.youtube.com/watch?v=xKBJPqAt8gA&lc=UgxuSbUbc2aVTCT2Gdx4AaABAg","baru kali ini mereka ketawa ngik ngik karna emang filmnya komedi bgt jadi pen nonton","1"
"https://www.youtube.com/@nandasatriaputra8148","@nandasatriaputra8148","1 tahun yang lalu","https://www.youtube.com/watch?v=xKBJPqAt8gA&lc=UgyC27A87k2BywrgIwN4AaABAg","Ini salah satu film yang bikin saya ngakak sepanjang nonton.. lucunya natural komedi, drama, romance melebur dengan porsi yang pas.. ditambah acting yang sangat maksimal.. pokoknya yang belum nonton wajib nonton","1"
"https://www.youtube.com/@menorah759","@menorah759","1 tahun yang lalu","https://www.youtube.com/watch?v=xKBJPqAt8gA&lc=UgwdvJeYIWsWxR6D8VF4AaABAg","Oki rengga keren aktingnya","1"
"https://www.youtube.com/@annisasanjaya2371","@annisasanjaya2371","1 tahun yang lalu","https://www.youtube.com/watch?v=xKBJPqAt8gA&lc=UgxkGgQX9I5WkqtneD14AaABAg","ini film bagusss banget lucuuuu banget … keren","2"
"https://www.youtube.com/@Junimanyunn","@Junimanyunn","1 tahun yang lalu","https://www.youtube.com/watch?v=xKBJPqAt8gA&lc=Ugx5x9Y0AJej7Fa_AzB4AaABAg","gw sampe sakit perut dan capeeeee sakingg  ketawa mulu, pokonya ada scene yg beneran berentet bgt kocaknya sampe beneran sampe capeee bgt yg scene legend jegel ga bisa turun anjir lah  banyak bgt scene legend kocak yg kalo sampe rumah pun masih keinget trus jadi ketawa lagi","2"
"https://www.youtube.com/@fivebagsforlife7479","@fivebagsforlife7479","1 tahun yang lalu (diedit)","https://www.youtube.com/watch?v=xKBJPqAt8gA&lc=Ugx1qEEEC7HKGB_BMkF4AaABAg","Balik lagi kesini setelah nonton gara2 liat review ini… dan ternyata lucu beneran, buat aku yang ambang ketawanya tinggi, seringkali ngakak di film ini dan sebioskop beneran ngakak terus.. bravo! Adegan favorit pas boris ditelpon emaknye","1"
"https://www.youtube.com/@namira7191","@namira7191","1 tahun yang lalu","https://www.youtube.com/watch?v=xKBJPqAt8gA&lc=UgxceKiGV6Vur5uUtPR4AaABAg","Hormat komandan totong🫡🫡🫡","2"
"https://www.youtube.com/@autumncantabile","@autumncantabile","1 tahun yang lalu","https://www.youtube.com/watch?v=xKBJPqAt8gA&lc=UgzfiMyanl1Yv8JaDDd4AaABAg","emang seru bgt sih filmnya, genius! gila!!! kocak!!!","1"
"https://www.youtube.com/@suzylumbanraja3917","@suzylumbanraja3917","1 tahun yang lalu","https://www.youtube.com/watch?v=xKBJPqAt8gA&lc=UgxSIlBmoH-wyXLg4vR4AaABAg","Ger ger GEEEEEERRRRRRRR  yg blm nonton, nonton, jgn percaya trailer krn keseruan sesungguhnya ada di FULL MOVIE NYAAA","6"
"https://www.youtube.com/@PRODIBKUNIB","@PRODIBKUNIB","1 tahun yang lalu","https://www.youtube.com/watch?v=xKBJPqAt8gA&lc=UgxCOnVN1lH9uLXg6zR4AaABAg","Keren","1"
"https://www.youtube.com/@Kudanilterbang1201","@Kudanilterbang1201","1 tahun yang lalu","https://www.youtube.com/watch?v=xKBJPqAt8gA&lc=Ugwz8ujAB2neCDSAejJ4AaABAg","Ending nya sebenarnya bisa sad dan ngena banget kalau ( spoiler!! )








Mereka ber4 dipenjara, dan buat sekuel agak lain 2","2"
"https://www.youtube.com/@alvianrimbangpramudyo1143","@alvianrimbangpramudyo1143","1 tahun yang lalu","https://www.youtube.com/watch?v=xKBJPqAt8gA&lc=UgwBnotaqrWxuLt5wyB4AaABAg","Aku suka film ini karena kagak menjual keseksian atau fisik","3"
"https://www.youtube.com/@Mpitt_6","@Mpitt_6","1 tahun yang lalu","https://www.youtube.com/watch?v=xKBJPqAt8gA&lc=UgycxmtJNlwXDFgAiUB4AaABAg","Setuju! Semua emosinya dapet, mau yg sedih, ngakak, takut, baper, tegang, semuanya ada. Aktingnya juga bagus2 bgt! Film komedi tapi plotnya padet dan ga ngawur. Perfect sih kalo aku","1"
"https://www.youtube.com/@AriArif-bu4sh","@AriArif-bu4sh","1 tahun yang lalu","https://www.youtube.com/watch?v=xKBJPqAt8gA&lc=UgyNehHvVfOT6BjkM194AaABAg","Setuju sih film ini paket lengkap.","7"
"https://www.youtube.com/@KazehayaSan","@KazehayaSan","1 tahun yang lalu","https://www.youtube.com/watch?v=xKBJPqAt8gA&lc=UgyxBFdXbULduWSheAR4AaABAg","Kocak bener, setannya batak~ wkwk","4"
"https://www.youtube.com/@TyaSdl-zg5vc","@TyaSdl-zg5vc","1 tahun yang lalu","https://www.youtube.com/watch?v=xKBJPqAt8gA&lc=UgxJSa7Lqb7v2wIfeR14AaABAg","BEST BANGET NI CHENEL PALING GERCEP","7"
"https://www.youtube.com/@nurfadillah8162","@nurfadillah8162","1 tahun yang lalu","https://www.youtube.com/watch?v=xKBJPqAt8gA&lc=UgzLErhrZ-DhVZJaxmZ4AaABAg","film ini luar biasa sih menurutku... kebetulan nonton sendiri. di samping kiri ada pasangan kekasih yg ceweknya sempet ngambek karena ada adegan horornya dan dia takut beneran. samping kanan ada keluarga yg terdiri dari ayah, ibu anak cewek. si ibu nangis pas adegan drama Bang oki sama ibunya. Dan aku puas ketawa di setiap adegan humornya... pengen nonton lagi","7"
"https://www.youtube.com/@baeseyi2573","@baeseyi2573","1 tahun yang lalu (diedit)","https://www.youtube.com/watch?v=xKBJPqAt8gA&lc=UgxuSbUbc2aVTCT2Gdx4AaABAg","baru kali ini mereka ketawa ngik ngik karna emang filmnya komedi bgt jadi pen nonton","1"
"https://www.youtube.com/@nandasatriaputra8148","@nandasatriaputra8148","1 tahun yang lalu","https://www.youtube.com/watch?v=xKBJPqAt8gA&lc=UgyC27A87k2BywrgIwN4AaABAg","Ini salah satu film yang bikin saya ngakak sepanjang nonton.. lucunya natural komedi, drama, romance melebur dengan porsi yang pas.. ditambah acting yang sangat maksimal.. pokoknya yang belum nonton wajib nonton","1"
"https://www.youtube.com/@menorah759","@menorah759","1 tahun yang lalu","https://www.youtube.com/watch?v=xKBJPqAt8gA&lc=UgwdvJeYIWsWxR6D8VF4AaABAg","Oki rengga keren aktingnya","1"
"https://www.youtube.com/@annisasanjaya2371","@annisasanjaya2371","1 tahun yang lalu","https://www.youtube.com/watch?v=xKBJPqAt8gA&lc=UgxkGgQX9I5WkqtneD14AaABAg","ini film bagusss banget lucuuuu banget … keren","2"
"https://www.youtube.com/@rezaunderwater8523","@rezaunderwater8523","1 tahun yang lalu","https://www.youtube.com/watch?v=xKBJPqAt8gA&lc=UgxjqgEyKoqQUNP0bNF4AaABAg","oki rengga MVP walaupun pasti berat itu adegannya tapi bisa maksimal terlihat di filmnya",""
"https://www.youtube.com/@makeandhits","@makeandhits","1 tahun yang lalu","https://www.youtube.com/watch?v=xKBJPqAt8gA&lc=UgwHWo0RasRiaK6I7h94AaABAg&pp=0gcJCSMANpG00pGi","Ketawa sampe nangis, kemudian sedih, gitu terus sampe ending.. di campur aduk rasanyaa.. tapi emang film ini terbaik sejauh ini di 2024","2"
"https://www.youtube.com/@27mreza","@27mreza","1 tahun yang lalu","https://www.youtube.com/watch?v=xKBJPqAt8gA&lc=Ugwolpicwz6modbUNgl4AaABAg","Jago banget sih ini nulisnya, gimana caranya coba, nama Beben dibikin lucu. Paling suka dengan ending yang masuk akal dan ga dipaksa jadi aneh.","1"
"https://www.youtube.com/@triefania2880","@triefania2880","1 tahun yang lalu","https://www.youtube.com/watch?v=xKBJPqAt8gA&lc=UgwiHnq8AnofEQKFINZ4AaABAg","Nggak nyangka sama aktingnya Oki sih, keren! Dapet banget
Sepanjang film ketawa mulu","2"
"https://www.youtube.com/@ihsannoorfikri5283","@ihsannoorfikri5283","1 tahun yang lalu","https://www.youtube.com/watch?v=xKBJPqAt8gA&lc=UgwaC2PpeVVhuiaOA714AaABAg","lucu banget sumpah, salah satu film komedi yang ngakaknya poll tapi sedihnya dapet","2"
"https://www.youtube.com/@OliveBarr-v7q","@OliveBarr-v7q","1 tahun yang lalu","https://www.youtube.com/watch?v=xKBJPqAt8gA&lc=UgwlNIljdNeXuIj9KNd4AaABAg","Banyakin Aria yg ngereview dong","2"
"https://www.youtube.com/@wisnutawali985","@wisnutawali985","1 tahun yang lalu","https://www.youtube.com/watch?v=xKBJPqAt8gA&lc=UgwoV4O4B1WW4F8FTgJ4AaABAg","bg reaction film trailer PEMANDI JENAZAH","3"
"https://www.youtube.com/@anggunlarasati1629","@anggunlarasati1629","1 tahun yang lalu","https://www.youtube.com/watch?v=xKBJPqAt8gA&lc=UgyfqLBocg6b4efTl3F4AaABAg","cinecrib review bagus, brarti worth it untuk ditonton","2"
"https://www.youtube.com/@boscomilanovlog4419","@boscomilanovlog4419","1 tahun yang lalu","https://www.youtube.com/watch?v=xKBJPqAt8gA&lc=UgzWGJTTdikb-SApoo94AaABAg","Ada 2 adegan yg bkin ak ngakak smpe ampir guling2 dr kursi. Hahah. Pas adegan nopek jatuh ke lubang kuruan dan teriak bilang setannya setan batak.asli ngakaakk abis. Dn yg pas adegan trakir si naomi blg 3000 tamu undangan. Ngakak smpe jatuh dr kursi","3"
"https://www.youtube.com/@tendangansendok","@tendangansendok","1 tahun yang lalu","https://www.youtube.com/watch?v=xKBJPqAt8gA&lc=UgwS7z3efH-KVQSzTSV4AaABAg&pp=0gcJCSMANpG00pGi","Scene paling seru debat agama ustad dan pendeta,   akhirnya malah ke dukun","3"
"https://www.youtube.com/@ayunovita4559","@ayunovita4559","1 tahun yang lalu","https://www.youtube.com/watch?v=xKBJPqAt8gA&lc=UgwE3SCvEcB_b_lzL754AaABAg&pp=0gcJCSMANpG00pGi","Geeeeeeeerrrrrr!!!! Agak laen emang dibikin ni pilem  dari awal udah dibikin ngakak","1"
"https://www.youtube.com/@kireina.tensai","@kireina.tensai","1 tahun yang lalu","https://www.youtube.com/watch?v=xKBJPqAt8gA&lc=UgwyB_pzL4UzPHg2i694AaABAg","Barusan gue nonton.. hahahahahahah","2"
"https://www.youtube.com/@OrdinaryFangirlRV","@OrdinaryFangirlRV","1 tahun yang lalu","https://www.youtube.com/watch?v=xKBJPqAt8gA&lc=UgxN-vFEAD654VJ9wMd4AaABAg","Bagus banget filmnya, dibikin ketawa terus nangis terus ketawa nangis lagi","2"
"https://www.youtube.com/@donnykurnia4962","@donnykurnia4962","1 tahun yang lalu","https://www.youtube.com/watch?v=xKBJPqAt8gA&lc=UgzbMHaTFD9ZhHtaN_d4AaABAg","Bahkan pas build in bca aja lucu banget","1"
"https://www.youtube.com/@satria_dewa","@satria_dewa","1 tahun yang lalu","https://www.youtube.com/watch?v=xKBJPqAt8gA&lc=UgzF5WlNILF_S6jMR3p4AaABAg","Salah satu film indonesia yang masuk di studio premier xxi..","1"
"https://www.youtube.com/@darkprincewuruk","@darkprincewuruk","1 tahun yang lalu","https://www.youtube.com/watch?v=xKBJPqAt8gA&lc=UgybBcDJk8AOa4uWziZ4AaABAg","Auto nonton besok senin pas hari normal biar hemat wkwkwk.tinggal nunggu review kereta berdarah.karena hari pertama sudah bs dpt 100k penontoj tentu cukup mensrik tuh","1"
"https://www.youtube.com/@CJZE09","@CJZE09","1 tahun yang lalu","https://www.youtube.com/watch?v=xKBJPqAt8gA&lc=UgxqTrrXsjCC1SUGEx54AaABAg","waktu di film NGENGES oky ga ikut pas dsni beuh bener2 di luar dugaan.  gw si denger di podcast setiap di rumah okky bener2 kayak ngebadanin karakter gtu sam hal nya kayak ngebadanin materi stand up nya. layak di apresiasi sih okky. gokill okky","1"
"https://www.youtube.com/@kenisuantini6608","@kenisuantini6608","1 tahun yang lalu","https://www.youtube.com/watch?v=xKBJPqAt8gA&lc=UgxRhLop8PVN71CaGkp4AaABAg","Gw lagi sakit.. kudu cepetan sembuh ini mah jangan sampai lolos...","1"
"https://www.youtube.com/@agungfujiyamasan280","@agungfujiyamasan280","1 tahun yang lalu","https://www.youtube.com/watch?v=xKBJPqAt8gA&lc=UgxK-INR8GGBHpcQ9uZ4AaABAg","Sadana Agungnya belom dibahas nihh","2"
"https://www.youtube.com/@Hiumitsuhiu","@Hiumitsuhiu","1 tahun yang lalu","https://www.youtube.com/watch?v=xKBJPqAt8gA&lc=Ugyq3Td2tT5diN4Kmk14AaABAg","Gw langsung nonton pas di hari pertama rilis","1"