"Link Channel","ID Channel","Waktu","Link video","Komentar","Like","dot 2"
"https://www.youtube.com/@lebahdanputritidur","@lebahdanputritidur","4 bulan yang lalu","https://www.youtube.com/watch?v=7Fl1uncm4Ik&lc=UgwixJxREWByWnI-70N4AaABAg","¾ film yang punya senter cuman satpam hahahah","68",""
"https://www.youtube.com/@ekosans8361","@ekosans8361","4 bulan yang lalu","https://www.youtube.com/watch?v=7Fl1uncm4Ik&lc=Ugy3G8OTVii-_2TJckx4AaABAg","Lg makan, opening lg bahas cebok... 
Nimmat bettt","3",""
"https://www.youtube.com/@DedeArip-ur1fg","@DedeArip-ur1fg","4 bulan yang lalu","https://www.youtube.com/watch?v=7Fl1uncm4Ik&lc=UgxLcKo80LbaWlITBqh4AaABAg","Kalau ada pabrik yang sering terjadi kecelakaan kerja , itu bukan ada yang minta tumbal tapi emang standard keselamatan kerjanya yang buruk.","791",""
"https://www.youtube.com/@han_1to3","@han_1to3","4 bulan yang lalu","https://www.youtube.com/watch?v=7Fl1uncm4Ik&lc=UgwUFqtZGqRhyugCUSt4AaABAg&pp=0gcJCSMANpG00pGi","Kak Anthy kiyowo sekali pakai poni","12",""
"https://www.youtube.com/@dccc9133","@dccc9133","4 bulan yang lalu","https://www.youtube.com/watch?v=7Fl1uncm4Ik&lc=UgxwzhIavW87JClIEDJ4AaABAg","Setuju banget si sama reviewnya. Tipikal film horor indo yg klise dateng ke tempat keramat, anehaneh, minta tumbal. Gaada yg baru samsek. Cuma emang franky sama temennya itu kocak banget bjirr sestudio sampe literally ngakak. Sama aku suka bahasa jawanya gak kaku beneran kaya bahasa jawa orang jatim karena aku sendiri orang jatim. Yg agak janggal selain yg disebutin di video menurutku scene kuda lumping si.  Gak kesurupan juga pemain kuda lumping di acara hajatan juga bisabisa aja jalan/makan beling/bara api. Apalagi sengaja di situ kaya dibikin kolam beling sama bara api wqwq kalo misalnya dibikin set nya itu di ladang sisa panen tebu yg emang biasanya dibakar nah itu masi make sense","8",""
"https://www.youtube.com/@ridwanmaulana8701","@ridwanmaulana8701","4 bulan yang lalu","https://www.youtube.com/watch?v=7Fl1uncm4Ik&lc=UgzngymdoLpb60oAwXx4AaABAg","Kalau menurutku ini gabungan kkn desa penari dengan the medium, alur cerita kkn desa penari, adegan adegan dukun nya the medium banget dari mulai belah kelapa busuk, pohon besar , ritual sampai ritual akhir yg gagal itu bener2 mirip , tapi okelah masih bisa dinikmati dari awal sampe akhir untuk versi cut nya","4",""
"https://www.youtube.com/@mpeb1000","@mpeb1000","4 bulan yang lalu","https://www.youtube.com/watch?v=7Fl1uncm4Ik&lc=UgwU_V4nQaJEaDPP9f14AaABAg","Film yg satu lagi wajib mereka ini yg review sih....","3",""
"https://www.youtube.com/@FebbyFebrianto-zx4fk","@FebbyFebrianto-zx4fk","4 bulan yang lalu","https://www.youtube.com/watch?v=7Fl1uncm4Ik&lc=UgxtgxagBQFxRrXFM7B4AaABAg","Hayu ke bioskop ramein QODRAT nya JUMBO","2",""
"https://www.youtube.com/@Babamcat","@Babamcat","4 bulan yang lalu","https://www.youtube.com/watch?v=7Fl1uncm4Ik&lc=Ugw_W1GKgBjSNPbdZX94AaABAg","Sama banget.. saya juga penasaran sama aktivitas buruh di pabrik nya. Cuma krna emanng di dialog nya juga udah dijelasin kalo penggilingan belum dimulai, makannya pabrik belum beraktivitas. Baru cuma sampe panen tebu nya aja","4",""
"https://www.youtube.com/@ridayuliani8032","@ridayuliani8032","4 bulan yang lalu (diedit)","https://www.youtube.com/watch?v=7Fl1uncm4Ik&lc=UgzIIjIxSxu5lgq_tKN4AaABAg","Mesti review when live give you tangerines sih, best bgt itu drama banyak pelajaran yg bisa diambil mana mengandung bawang","3",""
"https://www.youtube.com/@Maspocongg","@Maspocongg","4 bulan yang lalu","https://www.youtube.com/watch?v=7Fl1uncm4Ik&lc=Ugw-2CSXwtBKm6dPGtd4AaABAg","Suka banget sama couple ini serius, sering-sering dah","",""
"https://www.youtube.com/@devi7959","@devi7959","4 bulan yang lalu","https://www.youtube.com/watch?v=7Fl1uncm4Ik&lc=UgzvsYBZl-qmHLjCkKl4AaABAg","Lagi cari review sebelum nonton qodrat / pabrik gula... Menariknya hanya lokasinya aja sih dipabrik gula","2",""
"https://www.youtube.com/@SinggihbudiyokoYokoyoko","@SinggihbudiyokoYokoyoko","4 bulan yang lalu","https://www.youtube.com/watch?v=7Fl1uncm4Ik&lc=UgxmxkdG-hYsVvb87m14AaABAg","Padahal di simple man pabrik gula thread pertama jauh lebih serem","3",""
"https://www.youtube.com/@faiz12345","@faiz12345","4 bulan yang lalu","https://www.youtube.com/watch?v=7Fl1uncm4Ik&lc=Ugx7xsSWNJZQjMldQWt4AaABAg","poster filmnya rame bgt buset","1",""
"https://www.youtube.com/@vanarfan93","@vanarfan93","4 bulan yang lalu","https://www.youtube.com/watch?v=7Fl1uncm4Ik&lc=Ugwdt8hh82GgSaWYi7d4AaABAg","paling suka Ericarl bner2 pas karakter nya... binal2 gemesin","1",""
"https://www.youtube.com/@yanzdayenz","@yanzdayenz","4 bulan yang lalu","https://www.youtube.com/watch?v=7Fl1uncm4Ik&lc=Ugyj9APnHdmLPaugLjJ4AaABAg&pp=0gcJCSMANpG00pGi","Abis minal aidzin jangan nonton series perselingkuhan lagi, nanti berantem lagi","2",""
"https://www.youtube.com/@erniskurniadi2454","@erniskurniadi2454","4 bulan yang lalu","https://www.youtube.com/watch?v=7Fl1uncm4Ik&lc=UgyadQCxLUNmmLEffiN4AaABAg","KKN di pabrik gula..formula KKN desa penari yang dibawa ke pabrik gula","2",""
"https://www.youtube.com/@JoniZhask","@JoniZhask","4 bulan yang lalu","https://www.youtube.com/watch?v=7Fl1uncm4Ik&lc=UgyJP6JOxcTEA_6v2GB4AaABAg","Wkwkwk ketika horror tapi thumbnail ada tulisan lebih lucu berarti udah ketahuan kemana ini","2",""
"https://www.youtube.com/@BluestoneAlleyy","@BluestoneAlleyy","4 bulan yang lalu","https://www.youtube.com/watch?v=7Fl1uncm4Ik&lc=UgwrTjijIZvAlaTL2BB4AaABAg","Salfok sama rambutnya Kak Anthy. Digerai dan diponi bengini canci sekaliii gemuyyy","1",""
"https://www.youtube.com/@Dawnwesker6896","@Dawnwesker6896","4 bulan yang lalu","https://www.youtube.com/watch?v=7Fl1uncm4Ik&lc=UgxySpeZT_JUoxE3mn54AaABAg","klo tiap lebaran ada film simpleman lama2 kayak warkop DKI atau Mr bean","1",""
"https://www.youtube.com/@Maspocongg","@Maspocongg","4 bulan yang lalu","https://www.youtube.com/watch?v=7Fl1uncm4Ik&lc=Ugw-2CSXwtBKm6dPGtd4AaABAg","Suka banget sama couple ini serius, sering-sering dah","",""
"https://www.youtube.com/@devi7959","@devi7959","4 bulan yang lalu","https://www.youtube.com/watch?v=7Fl1uncm4Ik&lc=UgzvsYBZl-qmHLjCkKl4AaABAg","Lagi cari review sebelum nonton qodrat / pabrik gula... Menariknya hanya lokasinya aja sih dipabrik gula","2",""
"https://www.youtube.com/@SinggihbudiyokoYokoyoko","@SinggihbudiyokoYokoyoko","4 bulan yang lalu","https://www.youtube.com/watch?v=7Fl1uncm4Ik&lc=UgxmxkdG-hYsVvb87m14AaABAg","Padahal di simple man pabrik gula thread pertama jauh lebih serem","3",""
"https://www.youtube.com/@faiz12345","@faiz12345","4 bulan yang lalu","https://www.youtube.com/watch?v=7Fl1uncm4Ik&lc=Ugx7xsSWNJZQjMldQWt4AaABAg","poster filmnya rame bgt buset","1",""
"https://www.youtube.com/@vanarfan93","@vanarfan93","4 bulan yang lalu","https://www.youtube.com/watch?v=7Fl1uncm4Ik&lc=Ugwdt8hh82GgSaWYi7d4AaABAg","paling suka Ericarl bner2 pas karakter nya... binal2 gemesin","1",""
"https://www.youtube.com/@yanzdayenz","@yanzdayenz","4 bulan yang lalu","https://www.youtube.com/watch?v=7Fl1uncm4Ik&lc=Ugyj9APnHdmLPaugLjJ4AaABAg&pp=0gcJCSMANpG00pGi","Abis minal aidzin jangan nonton series perselingkuhan lagi, nanti berantem lagi","2",""
"https://www.youtube.com/@erniskurniadi2454","@erniskurniadi2454","4 bulan yang lalu","https://www.youtube.com/watch?v=7Fl1uncm4Ik&lc=UgyadQCxLUNmmLEffiN4AaABAg","KKN di pabrik gula..formula KKN desa penari yang dibawa ke pabrik gula","2",""
"https://www.youtube.com/@JoniZhask","@JoniZhask","4 bulan yang lalu","https://www.youtube.com/watch?v=7Fl1uncm4Ik&lc=UgyJP6JOxcTEA_6v2GB4AaABAg","Wkwkwk ketika horror tapi thumbnail ada tulisan lebih lucu berarti udah ketahuan kemana ini","2",""
"https://www.youtube.com/@BluestoneAlleyy","@BluestoneAlleyy","4 bulan yang lalu","https://www.youtube.com/watch?v=7Fl1uncm4Ik&lc=UgwrTjijIZvAlaTL2BB4AaABAg","Salfok sama rambutnya Kak Anthy. Digerai dan diponi bengini canci sekaliii gemuyyy","1",""
"https://www.youtube.com/@Dawnwesker6896","@Dawnwesker6896","4 bulan yang lalu","https://www.youtube.com/watch?v=7Fl1uncm4Ik&lc=UgxySpeZT_JUoxE3mn54AaABAg","klo tiap lebaran ada film simpleman lama2 kayak warkop DKI atau Mr bean","1",""
"https://www.youtube.com/@ryankaneki5984","@ryankaneki5984","4 bulan yang lalu","https://www.youtube.com/watch?v=7Fl1uncm4Ik&lc=Ugx873AdRo_3bD20Vkx4AaABAg","Akting dukun yang bagus cuman dukun di keramat 1","2",""
"https://www.youtube.com/@chewyscheesecake4970","@chewyscheesecake4970","4 bulan yang lalu","https://www.youtube.com/watch?v=7Fl1uncm4Ik&lc=UgzMMrI5bJPGaA2sm294AaABAg&pp=0gcJCSMANpG00pGi","setuju sama kak anty, agak bingung juga pas scene itu kok tiba-tiba fadhil ternyata mimpi clue gt, kirain yang rep-repan itu ternyata bukan. sama bingung juga sih kenapa si iblis gede tuh, si dalboh yang katanya bakal ngambil sesajen sapinya cuman nampakin diri ke fadhil doang, sampe dicekek juga gamungkin kalo gaada apa-apa","6",""
"https://www.youtube.com/@Greyhound9999","@Greyhound9999","4 bulan yang lalu","https://www.youtube.com/watch?v=7Fl1uncm4Ik&lc=UgzO03Junk5fit3dyIR4AaABAg","karakter film simpleman yg gak pernah gagal jadi favorit aku itu kuatnya unsur2 Indonesian folklore-nya sih. Di sini mereka nampilin reog yang parah maksimal eksekusinya. Dulu yang cuma bisa ngebayangin di kepala klo dideskripsiin ortu (krn selalu dilarang nonton perform aslinya demi menghindari hal2 yg kurang baik) dikasih kesempatan buat nyaksiin lewat film ini. Super dope pabrik gula!!","1",""
"https://www.youtube.com/@diyan55aja","@diyan55aja","4 bulan yang lalu","https://www.youtube.com/watch?v=7Fl1uncm4Ik&lc=UgwJdhilCJkOlsfXZp14AaABAg","Ih kak Anthy rambutnya bagus, fresh","2",""
"https://www.youtube.com/@LuxLy_FLY","@LuxLy_FLY","4 bulan yang lalu","https://www.youtube.com/watch?v=7Fl1uncm4Ik&lc=UgzLQVmNCgJHbhp-_T14AaABAg","Udah paling bener md bikin lanjutan foxtrot six","2",""
"https://www.youtube.com/@rafidaaahhh19","@rafidaaahhh19","4 bulan yang lalu","https://www.youtube.com/watch?v=7Fl1uncm4Ik&lc=Ugy1cZmfsbQ9cMAnaM54AaABAg","gua suka audio film iniii","1",""
"https://www.youtube.com/@joshuapngg4570","@joshuapngg4570","4 bulan yang lalu","https://www.youtube.com/watch?v=7Fl1uncm4Ik&lc=UgymGkAmuDKMhb24T9d4AaABAg","ritual kuda diiringi rebana wkwkw","1",""
"https://www.youtube.com/@rendypurnama4949","@rendypurnama4949","4 bulan yang lalu","https://www.youtube.com/watch?v=7Fl1uncm4Ik&lc=UgxgdV0Q5URiKcnGqCl4AaABAg","Actingnya juara sih","2",""
"https://www.youtube.com/@vigiilante98","@vigiilante98","4 bulan yang lalu","https://www.youtube.com/watch?v=7Fl1uncm4Ik&lc=UgwGGEaFAf9YkcrSWE14AaABAg","Scene wati kesurupan paling memorable sih menurutku paling merinding kalo inget2 scene itu & setuju komedinya masuk bgt apalagi menempatkan si franky ama dwi itu mereka mendukung bgt buat komedinya.bang awi makin sini makin jadi yaa.apalgi pas tau kemaren bioskop yang nayangin film ini full terus semua jadwal sampe ga tersisa 1 kursi pun selama 5 hari lebaran ini,aku aja sama temen2 & adik sampe pisah pisah duduknya....7.5/10","2",""
"https://www.youtube.com/@kazukinakamoto7650","@kazukinakamoto7650","4 bulan yang lalu","https://www.youtube.com/watch?v=7Fl1uncm4Ik&lc=Ugw4GrJIi70uDQ5Wjml4AaABAg&pp=0gcJCSMANpG00pGi","Wuih! Rambut baru nih","2",""
"https://www.youtube.com/@handomerza6431","@handomerza6431","4 bulan yang lalu","https://www.youtube.com/watch?v=7Fl1uncm4Ik&lc=UgyGbKkJk_NxUDrx1et4AaABAg","kkn di pabrik gula","1",""
"https://www.youtube.com/@viewind_3143","@viewind_3143","4 bulan yang lalu","https://www.youtube.com/watch?v=7Fl1uncm4Ik&lc=Ugzgx0O8ifVCNruQq8l4AaABAg","Coba yg diambil dari kisah pabrik gula danan dan Cahyo ,pasti beda dri horor indonesia yg sekarang 
Lebih keren","2",""
"https://www.youtube.com/@DreaMokel","@DreaMokel","4 bulan yang lalu","https://www.youtube.com/watch?v=7Fl1uncm4Ik&lc=Ugz3xAaE4rQDtO-btN14AaABAg","Akhirnya upload juga","1",""
"https://www.youtube.com/@johaneswijaya3938","@johaneswijaya3938","4 bulan yang lalu","https://www.youtube.com/watch?v=7Fl1uncm4Ik&lc=Ugxk2F0PtdFCcUNmp154AaABAg","Share diagram ketakutannya dong guysss","1",""
"https://www.youtube.com/@Biru_official13","@Biru_official13","4 bulan yang lalu","https://www.youtube.com/watch?v=7Fl1uncm4Ik&lc=UgwSG588XVKsxFF6d114AaABAg&pp=0gcJCSMANpG00pGi","Nunggu review film rumah untuk Alie 

Nunggu riview pengepungan di bukit duri","1",""
"https://www.youtube.com/@ReksyYorka","@ReksyYorka","4 bulan yang lalu","https://www.youtube.com/watch?v=7Fl1uncm4Ik&lc=Ugzq17vXQmvwzWzNuJ94AaABAg","Sekarang, gua menonton film di bioskop sekali dalam sebulan.

Lagi gua usahakan sekali dalam sepekan.","2",""
"https://www.youtube.com/@Arianaskywalker","@Arianaskywalker","4 bulan yang lalu","https://www.youtube.com/watch?v=7Fl1uncm4Ik&lc=Ugw7IYmLSQvMP5W88EJ4AaABAg","Gue malah lebih banyak ngakaknya nonton itu film. Hantu2nya gabut banget.","1",""
"https://www.youtube.com/@HelloMoto-f5c","@HelloMoto-f5c","4 bulan yang lalu","https://www.youtube.com/watch?v=7Fl1uncm4Ik&lc=UgwOdSNeLe7-uBmVb8p4AaABAg","Iya bener, lucu bgt
Satu studio ketawa semua","",""
"https://www.youtube.com/@fuadnasir2944","@fuadnasir2944","4 bulan yang lalu (diedit)","https://www.youtube.com/watch?v=7Fl1uncm4Ik&lc=UgwzwE3gJVgxe01dy-14AaABAg","polanya aja hampor sama, simpleman bikin tweet, terus banyak podcast2 tiba2 bahas pabrik gula, lalu ada film.","37",""
"https://www.youtube.com/@saudihermawan6599","@saudihermawan6599","4 bulan yang lalu","https://www.youtube.com/watch?v=7Fl1uncm4Ik&lc=UgwM2cggoILGti-OIJJ4AaABAg","Mau nntn tp nunggu review disini dl.","2",""
"https://www.youtube.com/@LuxLy_FLY","@LuxLy_FLY","4 bulan yang lalu","https://www.youtube.com/watch?v=7Fl1uncm4Ik&lc=UgzLQVmNCgJHbhp-_T14AaABAg","Udah paling bener md bikin lanjutan foxtrot six","2",""
"https://www.youtube.com/@vigiilante98","@vigiilante98","4 bulan yang lalu","https://www.youtube.com/watch?v=7Fl1uncm4Ik&lc=UgwGGEaFAf9YkcrSWE14AaABAg","Scene wati kesurupan paling memorable sih menurutku paling merinding kalo inget2 scene itu & setuju komedinya masuk bgt apalagi menempatkan si franky ama dwi itu mereka mendukung bgt buat komedinya.bang awi makin sini makin jadi yaa.apalgi pas tau kemaren bioskop yang nayangin film ini full terus semua jadwal sampe ga tersisa 1 kursi pun selama 5 hari lebaran ini,aku aja sama temen2 & adik sampe pisah pisah duduknya....7.5/10","2",""
"https://www.youtube.com/@kazukinakamoto7650","@kazukinakamoto7650","4 bulan yang lalu","https://www.youtube.com/watch?v=7Fl1uncm4Ik&lc=Ugw4GrJIi70uDQ5Wjml4AaABAg&pp=0gcJCSMANpG00pGi","Wuih! Rambut baru nih","2",""
"https://www.youtube.com/@handomerza6431","@handomerza6431","4 bulan yang lalu","https://www.youtube.com/watch?v=7Fl1uncm4Ik&lc=UgyGbKkJk_NxUDrx1et4AaABAg","kkn di pabrik gula","1",""
"https://www.youtube.com/@viewind_3143","@viewind_3143","4 bulan yang lalu","https://www.youtube.com/watch?v=7Fl1uncm4Ik&lc=Ugzgx0O8ifVCNruQq8l4AaABAg","Coba yg diambil dari kisah pabrik gula danan dan Cahyo ,pasti beda dri horor indonesia yg sekarang 
Lebih keren","2",""
"https://www.youtube.com/@DreaMokel","@DreaMokel","4 bulan yang lalu","https://www.youtube.com/watch?v=7Fl1uncm4Ik&lc=Ugz3xAaE4rQDtO-btN14AaABAg","Akhirnya upload juga","1",""
"https://www.youtube.com/@johaneswijaya3938","@johaneswijaya3938","4 bulan yang lalu","https://www.youtube.com/watch?v=7Fl1uncm4Ik&lc=Ugxk2F0PtdFCcUNmp154AaABAg","Share diagram ketakutannya dong guysss","1",""
"https://www.youtube.com/@Biru_official13","@Biru_official13","4 bulan yang lalu","https://www.youtube.com/watch?v=7Fl1uncm4Ik&lc=UgwSG588XVKsxFF6d114AaABAg&pp=0gcJCSMANpG00pGi","Nunggu review film rumah untuk Alie 

Nunggu riview pengepungan di bukit duri","1",""
"https://www.youtube.com/@ReksyYorka","@ReksyYorka","4 bulan yang lalu","https://www.youtube.com/watch?v=7Fl1uncm4Ik&lc=Ugzq17vXQmvwzWzNuJ94AaABAg","Sekarang, gua menonton film di bioskop sekali dalam sebulan.

Lagi gua usahakan sekali dalam sepekan.","2",""
"https://www.youtube.com/@Arianaskywalker","@Arianaskywalker","4 bulan yang lalu","https://www.youtube.com/watch?v=7Fl1uncm4Ik&lc=Ugw7IYmLSQvMP5W88EJ4AaABAg","Gue malah lebih banyak ngakaknya nonton itu film. Hantu2nya gabut banget.","1",""
"https://www.youtube.com/@HelloMoto-f5c","@HelloMoto-f5c","4 bulan yang lalu","https://www.youtube.com/watch?v=7Fl1uncm4Ik&lc=UgwOdSNeLe7-uBmVb8p4AaABAg","Iya bener, lucu bgt
Satu studio ketawa semua","",""
"https://www.youtube.com/@fuadnasir2944","@fuadnasir2944","4 bulan yang lalu (diedit)","https://www.youtube.com/watch?v=7Fl1uncm4Ik&lc=UgwzwE3gJVgxe01dy-14AaABAg","polanya aja hampor sama, simpleman bikin tweet, terus banyak podcast2 tiba2 bahas pabrik gula, lalu ada film.","37",""
"https://www.youtube.com/@saudihermawan6599","@saudihermawan6599","4 bulan yang lalu","https://www.youtube.com/watch?v=7Fl1uncm4Ik&lc=UgwM2cggoILGti-OIJJ4AaABAg","Mau nntn tp nunggu review disini dl.","2",""
"https://www.youtube.com/@sugengfirmandy3756","@sugengfirmandy3756","4 bulan yang lalu","https://www.youtube.com/watch?v=7Fl1uncm4Ik&lc=UgwTmDX0055rT_vUNCp4AaABAg","Ada series korea di netflix berjudul KARMA, barangkali tertarik..","",""
"https://www.youtube.com/@deviiilinata1538","@deviiilinata1538","4 bulan yang lalu","https://www.youtube.com/watch?v=7Fl1uncm4Ik&lc=UgzdwYJfnMG6cQru8Jt4AaABAg","Yg gw males banyak ibu2 gatau diri bawa anaknya yg masih bocil2, udah tau 21+ kok bisa sih anaknya belum 10 tahun diajak","8",""
"https://www.youtube.com/@romadhonsukma3919","@romadhonsukma3919","4 bulan yang lalu","https://www.youtube.com/watch?v=7Fl1uncm4Ik&lc=Ugx70YHO6WxdCGl19At4AaABAg","Setuju sih","2",""
"https://www.youtube.com/@ardiraigunawan6637","@ardiraigunawan6637","4 bulan yang lalu","https://www.youtube.com/watch?v=7Fl1uncm4Ik&lc=UgxnvwnGmIq4steuDQZ4AaABAg","Factory Cinematic Universe","3",""
"https://www.youtube.com/@alikopling259","@alikopling259","4 bulan yang lalu","https://www.youtube.com/watch?v=7Fl1uncm4Ik&lc=UgyxXKPvr6I1XfU7NwF4AaABAg","kualitas film indo balik lagi ke era ""horor iclik"", sedangkan china dan korea udh melangkah maju. mana sdm juga demen horor iclik dengan godaan ""uncut version"".","128",""
"https://www.youtube.com/@harry130888","@harry130888","4 bulan yang lalu","https://www.youtube.com/watch?v=7Fl1uncm4Ik&lc=UgwoZgRhjgdnLAiva714AaABAg","Penasaran karna diputar di Amerika","2",""
"https://www.youtube.com/@cepGilar","@cepGilar","4 bulan yang lalu","https://www.youtube.com/watch?v=7Fl1uncm4Ik&lc=UgylTAsAfOmDE0zdHhV4AaABAg","plissss reaction trailer MEGAN 2.0 dong bang rasyid","1",""
"https://www.youtube.com/@Brokodorkz","@Brokodorkz","4 bulan yang lalu","https://www.youtube.com/watch?v=7Fl1uncm4Ik&lc=UgyRFBWEYyEnukhcApF4AaABAg","sudah kuduga","2",""
"https://www.youtube.com/@priastomodias1712","@priastomodias1712","4 bulan yang lalu","https://www.youtube.com/watch?v=7Fl1uncm4Ik&lc=Ugy6ZWDnVthWapxGlA94AaABAg","Untung gw lebih memilih qodrat2","2",""
"https://www.youtube.com/@JzstRandomThing","@JzstRandomThing","4 bulan yang lalu","https://www.youtube.com/watch?v=7Fl1uncm4Ik&lc=UgwkNPGmKSSWoGLc84Z4AaABAg",": gue abis nntn horor nih 
 : seru gak ? Bagian mana yg paling kmu suka ?
 : komedinya.","191",""
"https://www.youtube.com/@waiting4a_sign313","@waiting4a_sign313","3 minggu yang lalu","https://www.youtube.com/watch?v=7Fl1uncm4Ik&lc=UgzRJx3nLs7sMsKlg9N4AaABAg","Baru nonton.. haha.. menurut sy bagus2 aja sih. Visual lokasinya oke, komedinya lucu, jumpscare-nya ngagetin, hantunya lumayan. Cuma agak kelamaan aja durasinya","1",""
"https://www.youtube.com/@MRaha706","@MRaha706","4 bulan yang lalu","https://www.youtube.com/watch?v=7Fl1uncm4Ik&lc=Ugz5ysMweZW2dGOtkFR4AaABAg","Norma wkkkkkk","2",""
"https://www.youtube.com/@hermansusanto9448","@hermansusanto9448","4 bulan yang lalu","https://www.youtube.com/watch?v=7Fl1uncm4Ik&lc=Ugy2ONmB6be1D_PpD114AaABAg","Aktor yg pemerannya buat lucu2an lebih menonjol daripada yg lain2nya. jujur mrk tiap tampil steal the show.","1",""
"https://www.youtube.com/@daniiqbal6119","@daniiqbal6119","4 bulan yang lalu","https://www.youtube.com/watch?v=7Fl1uncm4Ik&lc=UgwtSOk0YsoY4QJJmR14AaABAg","Pas ratatatata gue udh nungguin black pink nongol trs nyanyi sama wati","",""
"https://www.youtube.com/@julajuli7573","@julajuli7573","4 bulan yang lalu","https://www.youtube.com/watch?v=7Fl1uncm4Ik&lc=UgwM-nXXiLViQRpVELp4AaABAg","Lebih ngerasa ngeri pas baca ceritanya sbenernya","1",""
"https://www.youtube.com/@AniAni-s2t","@AniAni-s2t","4 bulan yang lalu","https://www.youtube.com/watch?v=7Fl1uncm4Ik&lc=UgyID9xBGRkTRjlM0v94AaABAg","malahan kalo soal pabrik,qodrat 2 lebih dapat tentang cerita pabrik yaa.","1",""
"https://www.youtube.com/@krisnawisnunatrian7555","@krisnawisnunatrian7555","4 bulan yang lalu","https://www.youtube.com/watch?v=7Fl1uncm4Ik&lc=Ugwcfqvq-Ak95O32MGN4AaABAg","Skrg yg uncut malah ga terlalu malam. Tau gitu nontonnya jgn pas hari pertama hehehe. Cuma krn udah nonton Qodrat 2 dulu, pas nonton ini jadi B aja. Cuma komedinya aja yg seru hehe","2",""
"https://www.youtube.com/@Rizky-im2vh","@Rizky-im2vh","4 bulan yang lalu","https://www.youtube.com/watch?v=7Fl1uncm4Ik&lc=Ugx2c4L-8PHkifpQLeV4AaABAg","Apakah Ibu Lele Leila juga menggunakan Grafik Bangunan Ketakutan untuk film ini?","1",""
"https://www.youtube.com/@narius2209","@narius2209","4 bulan yang lalu","https://www.youtube.com/watch?v=7Fl1uncm4Ik&lc=UgyNYFSAQ60C6FrAWUB4AaABAg","percaya sama gue setelah cut dan uncut, habis ini ada extended cut wkwk","1",""
"https://www.youtube.com/@anggahardian463","@anggahardian463","4 bulan yang lalu","https://www.youtube.com/watch?v=7Fl1uncm4Ik&lc=UgyY6co7CxPIZeSZyMN4AaABAg","Simpleman ... S nya Sedeng","1",""
"https://www.youtube.com/@cepGilar","@cepGilar","4 bulan yang lalu","https://www.youtube.com/watch?v=7Fl1uncm4Ik&lc=UgylTAsAfOmDE0zdHhV4AaABAg","plissss reaction trailer MEGAN 2.0 dong bang rasyid","1",""
"https://www.youtube.com/@Brokodorkz","@Brokodorkz","4 bulan yang lalu","https://www.youtube.com/watch?v=7Fl1uncm4Ik&lc=UgyRFBWEYyEnukhcApF4AaABAg","sudah kuduga","2",""
"https://www.youtube.com/@priastomodias1712","@priastomodias1712","4 bulan yang lalu","https://www.youtube.com/watch?v=7Fl1uncm4Ik&lc=Ugy6ZWDnVthWapxGlA94AaABAg","Untung gw lebih memilih qodrat2","2",""
"https://www.youtube.com/@JzstRandomThing","@JzstRandomThing","4 bulan yang lalu","https://www.youtube.com/watch?v=7Fl1uncm4Ik&lc=UgwkNPGmKSSWoGLc84Z4AaABAg",": gue abis nntn horor nih 
 : seru gak ? Bagian mana yg paling kmu suka ?
 : komedinya.","191",""
"https://www.youtube.com/@waiting4a_sign313","@waiting4a_sign313","3 minggu yang lalu","https://www.youtube.com/watch?v=7Fl1uncm4Ik&lc=UgzRJx3nLs7sMsKlg9N4AaABAg","Baru nonton.. haha.. menurut sy bagus2 aja sih. Visual lokasinya oke, komedinya lucu, jumpscare-nya ngagetin, hantunya lumayan. Cuma agak kelamaan aja durasinya","1",""
"https://www.youtube.com/@MRaha706","@MRaha706","4 bulan yang lalu","https://www.youtube.com/watch?v=7Fl1uncm4Ik&lc=Ugz5ysMweZW2dGOtkFR4AaABAg","Norma wkkkkkk","2",""
"https://www.youtube.com/@hermansusanto9448","@hermansusanto9448","4 bulan yang lalu","https://www.youtube.com/watch?v=7Fl1uncm4Ik&lc=Ugy2ONmB6be1D_PpD114AaABAg","Aktor yg pemerannya buat lucu2an lebih menonjol daripada yg lain2nya. jujur mrk tiap tampil steal the show.","1",""
"https://www.youtube.com/@daniiqbal6119","@daniiqbal6119","4 bulan yang lalu","https://www.youtube.com/watch?v=7Fl1uncm4Ik&lc=UgwtSOk0YsoY4QJJmR14AaABAg","Pas ratatatata gue udh nungguin black pink nongol trs nyanyi sama wati","",""
"https://www.youtube.com/@julajuli7573","@julajuli7573","4 bulan yang lalu","https://www.youtube.com/watch?v=7Fl1uncm4Ik&lc=UgwM-nXXiLViQRpVELp4AaABAg","Lebih ngerasa ngeri pas baca ceritanya sbenernya","1",""
"https://www.youtube.com/@AniAni-s2t","@AniAni-s2t","4 bulan yang lalu","https://www.youtube.com/watch?v=7Fl1uncm4Ik&lc=UgyID9xBGRkTRjlM0v94AaABAg","malahan kalo soal pabrik,qodrat 2 lebih dapat tentang cerita pabrik yaa.","1",""
"https://www.youtube.com/@krisnawisnunatrian7555","@krisnawisnunatrian7555","4 bulan yang lalu","https://www.youtube.com/watch?v=7Fl1uncm4Ik&lc=Ugwcfqvq-Ak95O32MGN4AaABAg","Skrg yg uncut malah ga terlalu malam. Tau gitu nontonnya jgn pas hari pertama hehehe. Cuma krn udah nonton Qodrat 2 dulu, pas nonton ini jadi B aja. Cuma komedinya aja yg seru hehe","2",""
"https://www.youtube.com/@Rizky-im2vh","@Rizky-im2vh","4 bulan yang lalu","https://www.youtube.com/watch?v=7Fl1uncm4Ik&lc=Ugx2c4L-8PHkifpQLeV4AaABAg","Apakah Ibu Lele Leila juga menggunakan Grafik Bangunan Ketakutan untuk film ini?","1",""
"https://www.youtube.com/@narius2209","@narius2209","4 bulan yang lalu","https://www.youtube.com/watch?v=7Fl1uncm4Ik&lc=UgyNYFSAQ60C6FrAWUB4AaABAg","percaya sama gue setelah cut dan uncut, habis ini ada extended cut wkwk","1",""
"https://www.youtube.com/@anggahardian463","@anggahardian463","4 bulan yang lalu","https://www.youtube.com/watch?v=7Fl1uncm4Ik&lc=UgyY6co7CxPIZeSZyMN4AaABAg","Simpleman ... S nya Sedeng","1",""
"https://www.youtube.com/@fauzi272","@fauzi272","4 bulan yang lalu","https://www.youtube.com/watch?v=7Fl1uncm4Ik&lc=UgzfKztZTVEJsVc7Fih4AaABAg&pp=0gcJCSMANpG00pGi","sinematografi mantap, cerita FTV","1",""
"https://www.youtube.com/@lialestari2202","@lialestari2202","4 bulan yang lalu","https://www.youtube.com/watch?v=7Fl1uncm4Ik&lc=UgxvCGMCl3jqCTMIxt94AaABAg","Pertama nonton qodrat 2 gak kepengen nonton pabrik gula tp bbrp temen nanya pabrik gula dah nonton blm? Bagus gak?
Trus liat jumlah penonton yg ngalahin qodrat 2 bikin penasaran akhirnya besoknya nonton pabrik gula..
Film horor yg seperti horor pada umumnya, adegan ena² kyknya gak perlu ditunjukkin secara jelas (gw nonton yg uncut) sekilas aja yg penting nunjukin mereka lagi berbuat..
Krn sblmnya nonton qodrat 2 jd ekspektasi udh ketinggian huhu","2",""
"https://www.youtube.com/@nalendrapermana4831","@nalendrapermana4831","4 bulan yang lalu","https://www.youtube.com/watch?v=7Fl1uncm4Ik&lc=UgyoQEM2A1wcg9LlncZ4AaABAg","Ada yg lebih horor..
1. KKN di pabrik minyak
2. KKN di pabrik listrik
3. KKN di pabrik undang undang
4. 
5. 
Ngeri banget pokoknya KKN di konoha...","2",""
"https://www.youtube.com/@sekenco0is","@sekenco0is","4 bulan yang lalu","https://www.youtube.com/watch?v=7Fl1uncm4Ik&lc=UgyT5a-Pd_K-2wI0chJ4AaABAg","menurut aku bagus bagus aja kok","2",""
"https://www.youtube.com/@Maliqmanan","@Maliqmanan","4 bulan yang lalu","https://www.youtube.com/watch?v=7Fl1uncm4Ik&lc=UgwQQWVvBWkfeUF6aMJ4AaABAg","Template banget sama KKN cuma yg satu di hutan yg satu di pabrik.","3",""
"https://www.youtube.com/@KevinTejakusuma208","@KevinTejakusuma208","4 bulan yang lalu","https://www.youtube.com/watch?v=7Fl1uncm4Ik&lc=UgyL8DFdSomFPstA4Lp4AaABAg","A MINECRAFT MOVIE sneak preview mulai BESOK sampe MINGGU, wahai netijen","1",""
"https://www.youtube.com/@eddiensurya","@eddiensurya","4 bulan yang lalu","https://www.youtube.com/watch?v=7Fl1uncm4Ik&lc=Ugyj0OpvSidfigNgY4t4AaABAg","Kemaren nonton siang hari milih yang versi cut ada juga scene 21+nya persis kaya' versi video  bajakan yang sudah bersliweran di sosmed, yang versi cut aja sevulgar itu jadi penasaran apa pembeda diantara keduanya, lebih parahnya banyak orang kolot yang nonton bawa anak kecil. bukannya diajak nonton film jumbo malah nonton ni film","2",""
"https://www.youtube.com/@terizanorymada5211","@terizanorymada5211","4 bulan yang lalu","https://www.youtube.com/watch?v=7Fl1uncm4Ik&lc=UgzZFyde-4m4A53L-8x4AaABAg","Mesti nya KIMO yg buat ini... Pasti lbh tergali cerita nya","2",""
"https://www.youtube.com/@tiaraprmata","@tiaraprmata","4 bulan yang lalu","https://www.youtube.com/watch?v=7Fl1uncm4Ik&lc=UgyiYl8VPvkiP2wMhTR4AaABAg","Menurut aku adegan yg dukunnya kemasukan jin matanya merah² gitu serem sih, pas kesurupan jalan diatas beling sampe makan beling serem bgt(Bagi aku). Tapi pas endingnya begitu, gatau knp tetiba nyeplos aja ""ah ternyata ini mah gak ada bedanya sm KKN"" . Wktu aku nonton 1 studio full dari atas smpe bawah, pas H+2 lebaran, entah apakah org² se studio itu kecewa jg krna ceritanya mirip KKN apa engga","1",""
"https://www.youtube.com/@chocobiechocolate1478","@chocobiechocolate1478","4 bulan yang lalu (diedit)","https://www.youtube.com/watch?v=7Fl1uncm4Ik&lc=UgxL5Dvy6FgRu5qi0-d4AaABAg&pp=0gcJCSMANpG00pGi","pertamax. jujur nih pilem bener sih terselamatkan sama komedinya. kalo yg lain ya udah formula kkn desa mpok nori aja. yg gw suka di sini juga hantunya banyak dan variatif. tp lore mereka kayak kureng tergali aja. kayak hantu rsj kenapa cuma sebiji? kalo tempat itu dulu rsj harusnya yg mati bukan cuma 1","3",""
"https://www.youtube.com/@wahyuzanearetha5049","@wahyuzanearetha5049","4 bulan yang lalu","https://www.youtube.com/watch?v=7Fl1uncm4Ik&lc=UgyXlajS9KxBy_bNMTd4AaABAg","Fix mau movie marathon Jumbo & Qodrat ajaa","36",""
"https://www.youtube.com/@gfreelly","@gfreelly","4 bulan yang lalu","https://www.youtube.com/watch?v=7Fl1uncm4Ik&lc=Ugx1V-qBZGXEZFSU8Gh4AaABAg","Kk Anthy cancik sekaleee","3",""
"https://www.youtube.com/@andresputra8764","@andresputra8764","4 bulan yang lalu","https://www.youtube.com/watch?v=7Fl1uncm4Ik&lc=Ugxv7al3yPEbIiTHcul4AaABAg","Ada ivanna di pabrik gula","2",""
"https://www.youtube.com/@bajaklauthitam","@bajaklauthitam","4 bulan yang lalu","https://www.youtube.com/watch?v=7Fl1uncm4Ik&lc=UgxdoZ2DdXcYTKfz01F4AaABAg","Film ini membuktikan Indonesia lebih suka spend duit buat ritual dan dukun daripada hire tim ahli K3 di pabrik","534",""
"https://www.youtube.com/@nar5700","@nar5700","4 bulan yang lalu","https://www.youtube.com/watch?v=7Fl1uncm4Ik&lc=UgwsGJcdwC0AECKQ6kN4AaABAg","Pabrik Gula jero ne iki luwih medeni lan rak iso di critakno","1",""
"https://www.youtube.com/@kuejahe_","@kuejahe_","4 bulan yang lalu","https://www.youtube.com/watch?v=7Fl1uncm4Ik&lc=UgzyHAaBvdSrGxkyF5Z4AaABAg","gue udah duga dari pertama kali ini film mau rilis dan alhamdulillah ga masuk ke list gue","2",""
"https://www.youtube.com/@malvina696","@malvina696","4 bulan yang lalu","https://www.youtube.com/watch?v=7Fl1uncm4Ik&lc=UgxemSwlTeJ2GJYtz6R4AaABAg","ntn yg 4DX kurengg yeh","1",""
"https://www.youtube.com/@gilarholic","@gilarholic","4 bulan yang lalu","https://www.youtube.com/watch?v=7Fl1uncm4Ik&lc=Ugz5fSIveNLwzm7Os_V4AaABAg","Ini film ada islam2nya, tapi ko malah minta bantuan ke dukun, pdhal kalo mau klenik2 aja sekalian, dan ada bbrp scene yg terinspirasi dari film horror western. Tp all in lumayan ada mata saringan, bisa teleportasi emg canggih itu setan nya.","3",""
"https://www.youtube.com/@indrabomm","@indrabomm","4 bulan yang lalu","https://www.youtube.com/watch?v=7Fl1uncm4Ik&lc=UgzfcHaZbYrijSNiKJV4AaABAg","Gw yg abis nntn ini langsung mikir, ini film baru apa film lama kkn wkwk , mana yg lucu malah comedynya doang, alur sma horrornya huff bgt, terlalu overreted, film yg kebanyakan di iklanin di tv sma influen, qodrat tertawa lihat ini","4",""
"https://www.youtube.com/@anggorojoko3247","@anggorojoko3247","4 bulan yang lalu","https://www.youtube.com/watch?v=7Fl1uncm4Ik&lc=UgwXRvg80UJP44EbPhZ4AaABAg","Bakal lebih bagus kalau judulnya pabrik lapindo, terus dikaitkan sama pabrik Lapindo nutupin kalau dalang lumpur lapindo . Trlalu dark gak sih?","1",""
"https://www.youtube.com/@sekenco0is","@sekenco0is","4 bulan yang lalu","https://www.youtube.com/watch?v=7Fl1uncm4Ik&lc=UgyT5a-Pd_K-2wI0chJ4AaABAg","menurut aku bagus bagus aja kok","2",""
"https://www.youtube.com/@Maliqmanan","@Maliqmanan","4 bulan yang lalu","https://www.youtube.com/watch?v=7Fl1uncm4Ik&lc=UgwQQWVvBWkfeUF6aMJ4AaABAg","Template banget sama KKN cuma yg satu di hutan yg satu di pabrik.","3",""
"https://www.youtube.com/@KevinTejakusuma208","@KevinTejakusuma208","4 bulan yang lalu","https://www.youtube.com/watch?v=7Fl1uncm4Ik&lc=UgyL8DFdSomFPstA4Lp4AaABAg","A MINECRAFT MOVIE sneak preview mulai BESOK sampe MINGGU, wahai netijen","1",""
"https://www.youtube.com/@eddiensurya","@eddiensurya","4 bulan yang lalu","https://www.youtube.com/watch?v=7Fl1uncm4Ik&lc=Ugyj0OpvSidfigNgY4t4AaABAg","Kemaren nonton siang hari milih yang versi cut ada juga scene 21+nya persis kaya' versi video  bajakan yang sudah bersliweran di sosmed, yang versi cut aja sevulgar itu jadi penasaran apa pembeda diantara keduanya, lebih parahnya banyak orang kolot yang nonton bawa anak kecil. bukannya diajak nonton film jumbo malah nonton ni film","2",""
"https://www.youtube.com/@terizanorymada5211","@terizanorymada5211","4 bulan yang lalu","https://www.youtube.com/watch?v=7Fl1uncm4Ik&lc=UgzZFyde-4m4A53L-8x4AaABAg","Mesti nya KIMO yg buat ini... Pasti lbh tergali cerita nya","2",""
"https://www.youtube.com/@tiaraprmata","@tiaraprmata","4 bulan yang lalu","https://www.youtube.com/watch?v=7Fl1uncm4Ik&lc=UgyiYl8VPvkiP2wMhTR4AaABAg","Menurut aku adegan yg dukunnya kemasukan jin matanya merah² gitu serem sih, pas kesurupan jalan diatas beling sampe makan beling serem bgt(Bagi aku). Tapi pas endingnya begitu, gatau knp tetiba nyeplos aja ""ah ternyata ini mah gak ada bedanya sm KKN"" . Wktu aku nonton 1 studio full dari atas smpe bawah, pas H+2 lebaran, entah apakah org² se studio itu kecewa jg krna ceritanya mirip KKN apa engga","1",""
"https://www.youtube.com/@chocobiechocolate1478","@chocobiechocolate1478","4 bulan yang lalu (diedit)","https://www.youtube.com/watch?v=7Fl1uncm4Ik&lc=UgxL5Dvy6FgRu5qi0-d4AaABAg&pp=0gcJCSMANpG00pGi","pertamax. jujur nih pilem bener sih terselamatkan sama komedinya. kalo yg lain ya udah formula kkn desa mpok nori aja. yg gw suka di sini juga hantunya banyak dan variatif. tp lore mereka kayak kureng tergali aja. kayak hantu rsj kenapa cuma sebiji? kalo tempat itu dulu rsj harusnya yg mati bukan cuma 1","3",""
"https://www.youtube.com/@wahyuzanearetha5049","@wahyuzanearetha5049","4 bulan yang lalu","https://www.youtube.com/watch?v=7Fl1uncm4Ik&lc=UgyXlajS9KxBy_bNMTd4AaABAg","Fix mau movie marathon Jumbo & Qodrat ajaa","36",""
"https://www.youtube.com/@gfreelly","@gfreelly","4 bulan yang lalu","https://www.youtube.com/watch?v=7Fl1uncm4Ik&lc=Ugx1V-qBZGXEZFSU8Gh4AaABAg","Kk Anthy cancik sekaleee","3",""
"https://www.youtube.com/@andresputra8764","@andresputra8764","4 bulan yang lalu","https://www.youtube.com/watch?v=7Fl1uncm4Ik&lc=Ugxv7al3yPEbIiTHcul4AaABAg","Ada ivanna di pabrik gula","2",""
"https://www.youtube.com/@bajaklauthitam","@bajaklauthitam","4 bulan yang lalu","https://www.youtube.com/watch?v=7Fl1uncm4Ik&lc=UgxdoZ2DdXcYTKfz01F4AaABAg","Film ini membuktikan Indonesia lebih suka spend duit buat ritual dan dukun daripada hire tim ahli K3 di pabrik","534",""
"https://www.youtube.com/@nar5700","@nar5700","4 bulan yang lalu","https://www.youtube.com/watch?v=7Fl1uncm4Ik&lc=UgwsGJcdwC0AECKQ6kN4AaABAg","Pabrik Gula jero ne iki luwih medeni lan rak iso di critakno","1",""
"https://www.youtube.com/@kuejahe_","@kuejahe_","4 bulan yang lalu","https://www.youtube.com/watch?v=7Fl1uncm4Ik&lc=UgzyHAaBvdSrGxkyF5Z4AaABAg","gue udah duga dari pertama kali ini film mau rilis dan alhamdulillah ga masuk ke list gue","2",""
"https://www.youtube.com/@malvina696","@malvina696","4 bulan yang lalu","https://www.youtube.com/watch?v=7Fl1uncm4Ik&lc=UgxemSwlTeJ2GJYtz6R4AaABAg","ntn yg 4DX kurengg yeh","1",""
"https://www.youtube.com/@gilarholic","@gilarholic","4 bulan yang lalu","https://www.youtube.com/watch?v=7Fl1uncm4Ik&lc=Ugz5fSIveNLwzm7Os_V4AaABAg","Ini film ada islam2nya, tapi ko malah minta bantuan ke dukun, pdhal kalo mau klenik2 aja sekalian, dan ada bbrp scene yg terinspirasi dari film horror western. Tp all in lumayan ada mata saringan, bisa teleportasi emg canggih itu setan nya.","3",""
"https://www.youtube.com/@indrabomm","@indrabomm","4 bulan yang lalu","https://www.youtube.com/watch?v=7Fl1uncm4Ik&lc=UgzfcHaZbYrijSNiKJV4AaABAg","Gw yg abis nntn ini langsung mikir, ini film baru apa film lama kkn wkwk , mana yg lucu malah comedynya doang, alur sma horrornya huff bgt, terlalu overreted, film yg kebanyakan di iklanin di tv sma influen, qodrat tertawa lihat ini","4",""
"https://www.youtube.com/@anggorojoko3247","@anggorojoko3247","4 bulan yang lalu","https://www.youtube.com/watch?v=7Fl1uncm4Ik&lc=UgwXRvg80UJP44EbPhZ4AaABAg","Bakal lebih bagus kalau judulnya pabrik lapindo, terus dikaitkan sama pabrik Lapindo nutupin kalau dalang lumpur lapindo . Trlalu dark gak sih?","1",""
"https://www.youtube.com/@NabnabGarten-id2yv","@NabnabGarten-id2yv","4 bulan yang lalu","https://www.youtube.com/watch?v=7Fl1uncm4Ik&lc=UgxDcYO6OqUTkpcbQJV4AaABAg&pp=0gcJCSMANpG00pGi","Cuma pake embel-embel berdasarkan kisah nyata, tapi eksekusi film nya kurang & bikin jenuh","3",""
"https://www.youtube.com/@tandrylimmardy5131","@tandrylimmardy5131","4 bulan yang lalu","https://www.youtube.com/watch?v=7Fl1uncm4Ik&lc=UgwTFm3mLEVJNN3INBt4AaABAg","Yg bagus di film ini
Ceweknya cakep","",""
"https://www.youtube.com/@soupwin9524","@soupwin9524","4 bulan yang lalu (diedit)","https://www.youtube.com/watch?v=7Fl1uncm4Ik&lc=Ugyrq8ChZlDBqlQhYs14AaABAg","Setuju sama bang Arya sama Anti, ini emang mirip bgt KKN, tapi overall lebih upgrade bgt, dari segi teknis, horror juga, kalo mengesampingkan komedinya, horrornya juga masih okeh, beberapa scene lumayan bikin takut, cuma emang gongnya di komedi sih ini, oh iya gue paling suka pas bagian endingnya, yang pengantin itu, entah gue pernah liat di film apa, tapi ini tuh masuk banget, emang harus gitu endingnya, yang jahat ya dapet balesan juga. Overall pabrik gula gak spesial tapi jauh lebih oke dari KKN.","43","·"
"https://www.youtube.com/@kohlergun","@kohlergun","4 bulan yang lalu","https://www.youtube.com/watch?v=7Fl1uncm4Ik&lc=Ugwr8VPtEeUZzCYuPEl4AaABAg","Film yg absurd","1",""
"https://www.youtube.com/@muhreza48","@muhreza48","4 bulan yang lalu","https://www.youtube.com/watch?v=7Fl1uncm4Ik&lc=UgzNHftSwX58gQZtX854AaABAg","salah scriptwriternya yg plek ketiplek ambil dari threadnya wkwk, ga ada perkembangan bgt","2",""
"https://www.youtube.com/@gvxx_","@gvxx_","4 bulan yang lalu","https://www.youtube.com/watch?v=7Fl1uncm4Ik&lc=UgxezVY7tvbfjshoImx4AaABAg",": Bener sih","2",""
"https://www.youtube.com/@TegarIrsyad","@TegarIrsyad","4 bulan yang lalu","https://www.youtube.com/watch?v=7Fl1uncm4Ik&lc=UgxshbWMz6cr_Nv-V3h4AaABAg","Lebaran ini dihiasi oleh peperangan 2 pabrik. Pabrik Gula vs Pabrik Benang","75",""
"https://www.youtube.com/@acok4998","@acok4998","4 bulan yang lalu","https://www.youtube.com/watch?v=7Fl1uncm4Ik&lc=UgxGXudiAaeUOWOgmo14AaABAg","Reaction Trailer ""Pengepungan di Bukit duri"" Sutradara joko Anwar. ini Film tentang apa sih? Kisah nyata atau Bukan?","1",""
"https://www.youtube.com/@jonoisme364","@jonoisme364","4 bulan yang lalu","https://www.youtube.com/watch?v=7Fl1uncm4Ik&lc=Ugy-eA0gujdJ4NrsAHJ4AaABAg","Pabrik Gula Uncut, Pabrik Gula Directors Cut, Pabrik Gula Full Version (Luwih Dowo, Luwih Medeni), Pabrik Gula Prequel (Teror Mandor Pesugihan), Pabrik Gula II (Dibawah iblisi kapitalisme), Pabrik Gula III (Setan Pembawa Diabetes)","3",""
"https://www.youtube.com/@fanyjulian2267","@fanyjulian2267","4 bulan yang lalu","https://www.youtube.com/watch?v=7Fl1uncm4Ik&lc=UgzNorYKc5vL9PJxPp14AaABAg","entah kenapa belum tertarik sama horor Indonesia, terlepas fomo atau emang bagus filmnya tapi belum nonton","1",""
"https://www.youtube.com/@ariedhoadam1170","@ariedhoadam1170","4 bulan yang lalu","https://www.youtube.com/watch?v=7Fl1uncm4Ik&lc=Ugxi8Dbjg8YOywXKqJt4AaABAg","Beneran 7 teh? Hmmm....","1",""
"https://www.youtube.com/@jsmnrh","@jsmnrh","4 bulan yang lalu","https://www.youtube.com/watch?v=7Fl1uncm4Ik&lc=Ugz5WT_Nty__mbeNx7F4AaABAg","Jumpscare mulu YaAllah, sampe bisa nebak di scene mana bakal muncul itu setan setan.","2",""
"https://www.youtube.com/@Masyyho","@Masyyho","4 bulan yang lalu","https://www.youtube.com/watch?v=7Fl1uncm4Ik&lc=UgzOaNZZ68vELrjYYfZ4AaABAg&pp=0gcJCSMANpG00pGi","Gk jd nonton kalau polanya kyk kkn","3",""
"https://www.youtube.com/@beningizzaamira2726","@beningizzaamira2726","4 bulan yang lalu","https://www.youtube.com/watch?v=7Fl1uncm4Ik&lc=Ugx0oFPOuQT2ZCGpzQ54AaABAg","gua minggu lalu beli promo by1 get1 film qodrat 2 buat tgl 31 alias lebaran tapi karna hectic bgt jd gabisa nonton  eh ujug ujugnya gua diajakin nonton film ini  sangat skeptis yaaaaa! gua bilang berkali kali tetep gamau dan gua bilang kaya sama aja nonton film kkn bikin muak saja wkwkk pokoknya pov dari gua kalo film promosinya berlebihan/ banyak buzzer itu pasti cuma ngejar penonton aja secara cerita udah pasti kaya udah udah, kata gua juga mending qodrat 2 walaupun gua gajadi nonton  sayang tiketnya hangus","1",""
"https://www.youtube.com/@lionelsikudo","@lionelsikudo","4 bulan yang lalu","https://www.youtube.com/watch?v=7Fl1uncm4Ik&lc=UgzGeog2eyx5jeXX-Fx4AaABAg","katanya lebih lucu dri yg dikira, jdi pengen nonton reviewnya  dan semakin yakin gak nonton ke bioskop","13",""
"https://www.youtube.com/@hendikrisdianto643","@hendikrisdianto643","4 bulan yang lalu","https://www.youtube.com/watch?v=7Fl1uncm4Ik&lc=UgyMhBUupSqCNZnrxXx4AaABAg","film dari simpleman paling mending cuma sewu dino njir, itu aja masih agak kureng","1",""
"https://www.youtube.com/@rannydevi","@rannydevi","4 hari yang lalu (diedit)","https://www.youtube.com/watch?v=7Fl1uncm4Ik&lc=Ugyig1j7xt-bC28-JNR4AaABAg","Untung nonton di rumah di netflix aku kemarin baru nonton, rasanya sayang bgt kalo nonton ini di bioskop, aku berharap nya ada alasan kuat dibalik kenapa pabrik gula bisa banyak setannya, ada sisi sejarah nya juga, eh ternyata gara gara ada yg skidipapap doang, astaga, setannya juga kebanyakan editan kaya Dementor di film harpot, apalagi pas scene yg setannya pada bangkit, kata what? Kok jd zombie? Sekalian aja bkn pelem zombie, sejauh ini film horror menurut ku yg paling lumayan cuma garapan joko anwar, dan kalo yg jd setan si sarefah danish,","1",""
"https://www.youtube.com/@ytrielful","@ytrielful","4 bulan yang lalu","https://www.youtube.com/watch?v=7Fl1uncm4Ik&lc=UgxgQzlXwjVlB9lN51J4AaABAg","Norma yg blom direview cinecrib tuh,, 

btw iya pabrik gula kerasa kurang special krn plotnya mirip KKN bgt, buat yg udh nonton KKN pasti pd kecewa, untungnya karakter2nya beda dan jd penyelamat sih di pabrik gula ini jd berasa upgradenya KKN. Skor gw 7/10 buat pabrik gula uncut~","2",""
"https://www.youtube.com/@nadiarizkikhaerunnisa4858","@nadiarizkikhaerunnisa4858","4 bulan yang lalu (diedit)","https://www.youtube.com/watch?v=7Fl1uncm4Ik&lc=UgyYRfc50fnv8yQBekh4AaABAg","Terlalu banyak jumpscare, bisa diitung jari jumpscare yg works sisanya biasa aja dan cerita juga template sudah menduga akan ada adegan asfgshdkl dari pas awal liat ada erika wkwk","20",""
"https://www.youtube.com/@Varado-l6n","@Varado-l6n","4 bulan yang lalu","https://www.youtube.com/watch?v=7Fl1uncm4Ik&lc=UgzPnpZ2gd5klFgVQzF4AaABAg&pp=0gcJCSMANpG00pGi","nontonin cinecrib dari zaman dahulu kala dan tidak menyangka aria semakin menua wkwk","8","·"
"https://www.youtube.com/@acok4998","@acok4998","4 bulan yang lalu","https://www.youtube.com/watch?v=7Fl1uncm4Ik&lc=UgxGXudiAaeUOWOgmo14AaABAg","Reaction Trailer ""Pengepungan di Bukit duri"" Sutradara joko Anwar. ini Film tentang apa sih? Kisah nyata atau Bukan?","1",""
"https://www.youtube.com/@jonoisme364","@jonoisme364","4 bulan yang lalu","https://www.youtube.com/watch?v=7Fl1uncm4Ik&lc=Ugy-eA0gujdJ4NrsAHJ4AaABAg","Pabrik Gula Uncut, Pabrik Gula Directors Cut, Pabrik Gula Full Version (Luwih Dowo, Luwih Medeni), Pabrik Gula Prequel (Teror Mandor Pesugihan), Pabrik Gula II (Dibawah iblisi kapitalisme), Pabrik Gula III (Setan Pembawa Diabetes)","3",""
"https://www.youtube.com/@fanyjulian2267","@fanyjulian2267","4 bulan yang lalu","https://www.youtube.com/watch?v=7Fl1uncm4Ik&lc=UgzNorYKc5vL9PJxPp14AaABAg","entah kenapa belum tertarik sama horor Indonesia, terlepas fomo atau emang bagus filmnya tapi belum nonton","1",""
"https://www.youtube.com/@ariedhoadam1170","@ariedhoadam1170","4 bulan yang lalu","https://www.youtube.com/watch?v=7Fl1uncm4Ik&lc=Ugxi8Dbjg8YOywXKqJt4AaABAg","Beneran 7 teh? Hmmm....","1",""
"https://www.youtube.com/@jsmnrh","@jsmnrh","4 bulan yang lalu","https://www.youtube.com/watch?v=7Fl1uncm4Ik&lc=Ugz5WT_Nty__mbeNx7F4AaABAg","Jumpscare mulu YaAllah, sampe bisa nebak di scene mana bakal muncul itu setan setan.","2",""
"https://www.youtube.com/@Masyyho","@Masyyho","4 bulan yang lalu","https://www.youtube.com/watch?v=7Fl1uncm4Ik&lc=UgzOaNZZ68vELrjYYfZ4AaABAg&pp=0gcJCSMANpG00pGi","Gk jd nonton kalau polanya kyk kkn","3",""
"https://www.youtube.com/@beningizzaamira2726","@beningizzaamira2726","4 bulan yang lalu","https://www.youtube.com/watch?v=7Fl1uncm4Ik&lc=Ugx0oFPOuQT2ZCGpzQ54AaABAg","gua minggu lalu beli promo by1 get1 film qodrat 2 buat tgl 31 alias lebaran tapi karna hectic bgt jd gabisa nonton  eh ujug ujugnya gua diajakin nonton film ini  sangat skeptis yaaaaa! gua bilang berkali kali tetep gamau dan gua bilang kaya sama aja nonton film kkn bikin muak saja wkwkk pokoknya pov dari gua kalo film promosinya berlebihan/ banyak buzzer itu pasti cuma ngejar penonton aja secara cerita udah pasti kaya udah udah, kata gua juga mending qodrat 2 walaupun gua gajadi nonton  sayang tiketnya hangus","1",""
"https://www.youtube.com/@lionelsikudo","@lionelsikudo","4 bulan yang lalu","https://www.youtube.com/watch?v=7Fl1uncm4Ik&lc=UgzGeog2eyx5jeXX-Fx4AaABAg","katanya lebih lucu dri yg dikira, jdi pengen nonton reviewnya  dan semakin yakin gak nonton ke bioskop","13",""
"https://www.youtube.com/@hendikrisdianto643","@hendikrisdianto643","4 bulan yang lalu","https://www.youtube.com/watch?v=7Fl1uncm4Ik&lc=UgyMhBUupSqCNZnrxXx4AaABAg","film dari simpleman paling mending cuma sewu dino njir, itu aja masih agak kureng","1",""
"https://www.youtube.com/@rannydevi","@rannydevi","4 hari yang lalu (diedit)","https://www.youtube.com/watch?v=7Fl1uncm4Ik&lc=Ugyig1j7xt-bC28-JNR4AaABAg","Untung nonton di rumah di netflix aku kemarin baru nonton, rasanya sayang bgt kalo nonton ini di bioskop, aku berharap nya ada alasan kuat dibalik kenapa pabrik gula bisa banyak setannya, ada sisi sejarah nya juga, eh ternyata gara gara ada yg skidipapap doang, astaga, setannya juga kebanyakan editan kaya Dementor di film harpot, apalagi pas scene yg setannya pada bangkit, kata what? Kok jd zombie? Sekalian aja bkn pelem zombie, sejauh ini film horror menurut ku yg paling lumayan cuma garapan joko anwar, dan kalo yg jd setan si sarefah danish,","1",""
"https://www.youtube.com/@ytrielful","@ytrielful","4 bulan yang lalu","https://www.youtube.com/watch?v=7Fl1uncm4Ik&lc=UgxgQzlXwjVlB9lN51J4AaABAg","Norma yg blom direview cinecrib tuh,, 

btw iya pabrik gula kerasa kurang special krn plotnya mirip KKN bgt, buat yg udh nonton KKN pasti pd kecewa, untungnya karakter2nya beda dan jd penyelamat sih di pabrik gula ini jd berasa upgradenya KKN. Skor gw 7/10 buat pabrik gula uncut~","2",""
"https://www.youtube.com/@nadiarizkikhaerunnisa4858","@nadiarizkikhaerunnisa4858","4 bulan yang lalu (diedit)","https://www.youtube.com/watch?v=7Fl1uncm4Ik&lc=UgyYRfc50fnv8yQBekh4AaABAg","Terlalu banyak jumpscare, bisa diitung jari jumpscare yg works sisanya biasa aja dan cerita juga template sudah menduga akan ada adegan asfgshdkl dari pas awal liat ada erika wkwk","20",""
"https://www.youtube.com/@Varado-l6n","@Varado-l6n","4 bulan yang lalu","https://www.youtube.com/watch?v=7Fl1uncm4Ik&lc=UgzPnpZ2gd5klFgVQzF4AaABAg&pp=0gcJCSMANpG00pGi","nontonin cinecrib dari zaman dahulu kala dan tidak menyangka aria semakin menua wkwk","8","·"
"https://www.youtube.com/@Junimanyunn","@Junimanyunn","4 bulan yang lalu","https://www.youtube.com/watch?v=7Fl1uncm4Ik&lc=Ugwyt1oV5p08dIyKau54AaABAg&pp=0gcJCSMANpG00pGi","lagi lebaran masih sempet record buat review bang selamat lebaran bang dan ka anty","11","·"
"https://www.youtube.com/@dipdiptaaa155","@dipdiptaaa155","4 bulan yang lalu","https://www.youtube.com/watch?v=7Fl1uncm4Ik&lc=UgyJUJfVG0JLNVgzdhZ4AaABAg","Kak Anthy cantik bangettt.. Pls nanti film Norma kakak juga yg review yaa","1","·"
"https://www.youtube.com/@victoragustinus5829","@victoragustinus5829","4 bulan yang lalu","https://www.youtube.com/watch?v=7Fl1uncm4Ik&lc=UgzYb5XE3W-cDTZFTKB4AaABAg","Nanti juga akan keluar ""Pabrik Gula : luwih dowo luwih medeni""","69",""
"https://www.youtube.com/@denysaputra7983","@denysaputra7983","4 bulan yang lalu","https://www.youtube.com/watch?v=7Fl1uncm4Ik&lc=UgyGohgX58RPSAmM2ot4AaABAg","aneh, posternya setan bertanduk, tapi ternyata cuma jadi figuran. setan yang punya background story cuma hantu-hantu welldone korban kebakaran doang.","2",""
"https://www.youtube.com/@aswinandrean6737","@aswinandrean6737","4 bulan yang lalu","https://www.youtube.com/watch?v=7Fl1uncm4Ik&lc=Ugx1wuJZodRXMxDYJUt4AaABAg","Seandainya materi cerita PG (yg spt nya mirip KKN) digarap oleh penulis lain, mungkin saja vibe film KKN akan samar, sayangnya digarap sm penulis borongan yg mungkin saja sdh kehabisan ide/kreatifitas...","2",""
"https://www.youtube.com/@dhafiraizzakamila6788","@dhafiraizzakamila6788","4 bulan yang lalu (diedit)","https://www.youtube.com/watch?v=7Fl1uncm4Ik&lc=UgzL5s2usDt1niUbMC14AaABAg","Ular kobra sm ketabrak orang di jadiin jumpscare owkowkowk , buruh kerja dikasih musik horror apa gunanya?    seremnya cuma  pas scene setan noni belanda yg lain mah kgk . Kyknya cuma horror luar deh yang bisa buat aku takut. Ini film pake embel² kisah nyata yg belum terbukti benar di threads aja nama desanya sm pabriknya di buat anonim. Pengen banget ya di klaim ed dan louraine warren nya indo? .  Kyknya MD mau ngikutin warner bros buat the conjuring universe tp ya gitu deh","4",""
"https://www.youtube.com/@AlfitaTamara","@AlfitaTamara","4 bulan yang lalu","https://www.youtube.com/watch?v=7Fl1uncm4Ik&lc=UgyD60ZB9FR19Y7tnIF4AaABAg","Baru nonton juga. Setannya nggak horror banget sih terlalu sering muncul jadi malah terbiasa. Terus ceritanya bener aih terlalu terburu2, kayak kan ini misteri tapi cluenya sangat mudah didapatkan, jadi sangat lancar jaya mencari solusinya gitu. Terus kesurupannya juga, padahal acting dukunnya bagus, tapi kenapa matanya gitu Tapi jujur acting pemainnya bgus lohhh, nggak yg kaku gitu jadi sayang aja kalau cerita filmnya buru2 banget dan cuma kayak gitu doang gituuu loohhh. Komedinya juga nggak kering kerontang, penyampaiannya enak, mungkin karena yg ngomong juga komedian jadi paham cara berkomedi Kalau bisa lebih serem lagi dn nggak diceritain semua gitu loohhhh kronologinyaaa, yg nonton pasti pahamm...","1",""
"https://www.youtube.com/@KevinTejakusuma208","@KevinTejakusuma208","4 bulan yang lalu","https://www.youtube.com/watch?v=7Fl1uncm4Ik&lc=UgxRtkLuA0nzhp-YxHp4AaABAg","Bagusan fandi dwikunto si raja gula","2",""
"https://www.youtube.com/@cusssnonton5059","@cusssnonton5059","4 bulan yang lalu","https://www.youtube.com/watch?v=7Fl1uncm4Ik&lc=UgwpORaYU0PHwYFVss54AaABAg","Kirain ceritanya Nadia Omara Tumbal Pabrik, ternyata KKN versi udah kerja aja","3","·"
"https://www.youtube.com/@bernadethalarasati05","@bernadethalarasati05","4 bulan yang lalu","https://www.youtube.com/watch?v=7Fl1uncm4Ik&lc=UgxfrJ1WA20cpCiP3DZ4AaABAg","Waktu cerita Fadhil ttg mimpi udh bisa nebak si Hendra & Naning gituan wkwkwk","2",""
"https://www.youtube.com/@KimRF.","@KimRF.","4 bulan yang lalu","https://www.youtube.com/watch?v=7Fl1uncm4Ik&lc=Ugx3rVEbHkMznR3YIUF4AaABAg&pp=0gcJCSMANpG00pGi","barusan nonton yg uncut, yah tida ada yg gmn gmn, serunya cma pas iclik doang","2","·"
"https://www.youtube.com/@jodi9b16","@jodi9b16","4 bulan yang lalu","https://www.youtube.com/watch?v=7Fl1uncm4Ik&lc=UgwM401-LcMQyMRLTsZ4AaABAg&pp=0gcJCSMANpG00pGi","Bukan film horror tapi film kocak,,bukan kocak dari template karakter2  badut nya,,tapi kocak dari karakter2 utama nya yg gk ada ikatan emosional nya sama sekali dgn penonton,,susah bet gue takut sama film ini,,","1",""
"https://www.youtube.com/@daniiqbal6119","@daniiqbal6119","4 bulan yang lalu","https://www.youtube.com/watch?v=7Fl1uncm4Ik&lc=UgwmqgO8TC5-r0PHFvt4AaABAg","Rumahnya mirip rumah di film almarhum. Pabriknya pas syuting di dalam koq mirip kaya fil film hutang darah sama lembayung ya?","2","·"
"https://www.youtube.com/@juliansandy555","@juliansandy555","4 bulan yang lalu","https://www.youtube.com/watch?v=7Fl1uncm4Ik&lc=UgxUJu1ovcUFqO1oIgp4AaABAg","Klo mau ada manfaat setelah nonton, Qodrat 2 sih hehehe, bisa nambah keimanan kepada sang pencipta, apapun rintangannya, ga harus setan/iblis  plus segi cerita lebih rapi, cuman jangan berharap jumpscare","13",""
"https://www.youtube.com/@yudiclaz7957","@yudiclaz7957","3 minggu yang lalu","https://www.youtube.com/watch?v=7Fl1uncm4Ik&lc=Ugyf8CDYrvdosUtr_qp4AaABAg","penasaran Sma Eko yg meninggal di lubang sumur knp bisa ,, sama Rani yg tiba2 ketimpa tumpukan tebu ekspresi nya ko bsa apa dia kesurupan atau knp","1",""
"https://www.youtube.com/@JoJo-fb8go","@JoJo-fb8go","4 bulan yang lalu","https://www.youtube.com/watch?v=7Fl1uncm4Ik&lc=UgwLT58utMzEFkYVVMF4AaABAg&pp=0gcJCSMANpG00pGi","belum nonton filmnya, tp sdh nonton trailernya pas nonton film QODRAT 2. Kesannya 1 aja sii, bahasa Jawa yg dimedok medokin selalu mengganggu banget. Knp ga bhsa Indonesia sj lebih natural.","1",""
"https://www.youtube.com/@muhammadharits2593","@muhammadharits2593","4 bulan yang lalu","https://www.youtube.com/watch?v=7Fl1uncm4Ik&lc=UgxKOLfchuwernQW4f94AaABAg&pp=0gcJCSMANpG00pGi","duhh...jauh lebih bgus film a working man","3",""
"https://www.youtube.com/@wiliazhari1615","@wiliazhari1615","4 bulan yang lalu","https://www.youtube.com/watch?v=7Fl1uncm4Ik&lc=UgxT2kU7x7_OaYLCvVx4AaABAg&pp=0gcJCSMANpG00pGi","Film horor kok lucu","1",""
"https://www.youtube.com/@arzhii357","@arzhii357","4 bulan yang lalu","https://www.youtube.com/watch?v=7Fl1uncm4Ik&lc=UgyzK8PUYBd-lZBQiVp4AaABAg","Min request pembahasan three body versi drama china, host tentu bang aria mungkin bisa nambah Sinema Tengah Malam.","2","·"
"https://www.youtube.com/@kurniawandrm","@kurniawandrm","4 bulan yang lalu (diedit)","https://www.youtube.com/watch?v=7Fl1uncm4Ik&lc=UgzqRCQirYU6P6ySHPx4AaABAg","saran aja nih.. kalau mau lihat aktivitas buruh pabrik, coba saja  buat dan ngajuin proposal 'Kunjungan industri'. Nanti akan ada banyak aktivitas di pabrik yang dilihat","76","·"
"https://www.youtube.com/@victoragustinus5829","@victoragustinus5829","4 bulan yang lalu","https://www.youtube.com/watch?v=7Fl1uncm4Ik&lc=UgzYb5XE3W-cDTZFTKB4AaABAg","Nanti juga akan keluar ""Pabrik Gula : luwih dowo luwih medeni""","69",""
"https://www.youtube.com/@aswinandrean6737","@aswinandrean6737","4 bulan yang lalu","https://www.youtube.com/watch?v=7Fl1uncm4Ik&lc=Ugx1wuJZodRXMxDYJUt4AaABAg","Seandainya materi cerita PG (yg spt nya mirip KKN) digarap oleh penulis lain, mungkin saja vibe film KKN akan samar, sayangnya digarap sm penulis borongan yg mungkin saja sdh kehabisan ide/kreatifitas...","2",""
"https://www.youtube.com/@dhafiraizzakamila6788","@dhafiraizzakamila6788","4 bulan yang lalu (diedit)","https://www.youtube.com/watch?v=7Fl1uncm4Ik&lc=UgzL5s2usDt1niUbMC14AaABAg","Ular kobra sm ketabrak orang di jadiin jumpscare owkowkowk , buruh kerja dikasih musik horror apa gunanya?    seremnya cuma  pas scene setan noni belanda yg lain mah kgk . Kyknya cuma horror luar deh yang bisa buat aku takut. Ini film pake embel² kisah nyata yg belum terbukti benar di threads aja nama desanya sm pabriknya di buat anonim. Pengen banget ya di klaim ed dan louraine warren nya indo? .  Kyknya MD mau ngikutin warner bros buat the conjuring universe tp ya gitu deh","4",""
"https://www.youtube.com/@AlfitaTamara","@AlfitaTamara","4 bulan yang lalu","https://www.youtube.com/watch?v=7Fl1uncm4Ik&lc=UgyD60ZB9FR19Y7tnIF4AaABAg","Baru nonton juga. Setannya nggak horror banget sih terlalu sering muncul jadi malah terbiasa. Terus ceritanya bener aih terlalu terburu2, kayak kan ini misteri tapi cluenya sangat mudah didapatkan, jadi sangat lancar jaya mencari solusinya gitu. Terus kesurupannya juga, padahal acting dukunnya bagus, tapi kenapa matanya gitu Tapi jujur acting pemainnya bgus lohhh, nggak yg kaku gitu jadi sayang aja kalau cerita filmnya buru2 banget dan cuma kayak gitu doang gituuu loohhh. Komedinya juga nggak kering kerontang, penyampaiannya enak, mungkin karena yg ngomong juga komedian jadi paham cara berkomedi Kalau bisa lebih serem lagi dn nggak diceritain semua gitu loohhhh kronologinyaaa, yg nonton pasti pahamm...","1",""
"https://www.youtube.com/@KevinTejakusuma208","@KevinTejakusuma208","4 bulan yang lalu","https://www.youtube.com/watch?v=7Fl1uncm4Ik&lc=UgxRtkLuA0nzhp-YxHp4AaABAg","Bagusan fandi dwikunto si raja gula","2",""
"https://www.youtube.com/@cusssnonton5059","@cusssnonton5059","4 bulan yang lalu","https://www.youtube.com/watch?v=7Fl1uncm4Ik&lc=UgwpORaYU0PHwYFVss54AaABAg","Kirain ceritanya Nadia Omara Tumbal Pabrik, ternyata KKN versi udah kerja aja","3","·"
"https://www.youtube.com/@bernadethalarasati05","@bernadethalarasati05","4 bulan yang lalu","https://www.youtube.com/watch?v=7Fl1uncm4Ik&lc=UgxfrJ1WA20cpCiP3DZ4AaABAg","Waktu cerita Fadhil ttg mimpi udh bisa nebak si Hendra & Naning gituan wkwkwk","2",""
"https://www.youtube.com/@KimRF.","@KimRF.","4 bulan yang lalu","https://www.youtube.com/watch?v=7Fl1uncm4Ik&lc=Ugx3rVEbHkMznR3YIUF4AaABAg&pp=0gcJCSMANpG00pGi","barusan nonton yg uncut, yah tida ada yg gmn gmn, serunya cma pas iclik doang","2","·"
"https://www.youtube.com/@jodi9b16","@jodi9b16","4 bulan yang lalu","https://www.youtube.com/watch?v=7Fl1uncm4Ik&lc=UgwM401-LcMQyMRLTsZ4AaABAg&pp=0gcJCSMANpG00pGi","Bukan film horror tapi film kocak,,bukan kocak dari template karakter2  badut nya,,tapi kocak dari karakter2 utama nya yg gk ada ikatan emosional nya sama sekali dgn penonton,,susah bet gue takut sama film ini,,","1",""
"https://www.youtube.com/@daniiqbal6119","@daniiqbal6119","4 bulan yang lalu","https://www.youtube.com/watch?v=7Fl1uncm4Ik&lc=UgwmqgO8TC5-r0PHFvt4AaABAg","Rumahnya mirip rumah di film almarhum. Pabriknya pas syuting di dalam koq mirip kaya fil film hutang darah sama lembayung ya?","2","·"
"https://www.youtube.com/@juliansandy555","@juliansandy555","4 bulan yang lalu","https://www.youtube.com/watch?v=7Fl1uncm4Ik&lc=UgxUJu1ovcUFqO1oIgp4AaABAg","Klo mau ada manfaat setelah nonton, Qodrat 2 sih hehehe, bisa nambah keimanan kepada sang pencipta, apapun rintangannya, ga harus setan/iblis  plus segi cerita lebih rapi, cuman jangan berharap jumpscare","13",""
"https://www.youtube.com/@yudiclaz7957","@yudiclaz7957","3 minggu yang lalu","https://www.youtube.com/watch?v=7Fl1uncm4Ik&lc=Ugyf8CDYrvdosUtr_qp4AaABAg","penasaran Sma Eko yg meninggal di lubang sumur knp bisa ,, sama Rani yg tiba2 ketimpa tumpukan tebu ekspresi nya ko bsa apa dia kesurupan atau knp","1",""
"https://www.youtube.com/@JoJo-fb8go","@JoJo-fb8go","4 bulan yang lalu","https://www.youtube.com/watch?v=7Fl1uncm4Ik&lc=UgwLT58utMzEFkYVVMF4AaABAg&pp=0gcJCSMANpG00pGi","belum nonton filmnya, tp sdh nonton trailernya pas nonton film QODRAT 2. Kesannya 1 aja sii, bahasa Jawa yg dimedok medokin selalu mengganggu banget. Knp ga bhsa Indonesia sj lebih natural.","1",""
"https://www.youtube.com/@muhammadharits2593","@muhammadharits2593","4 bulan yang lalu","https://www.youtube.com/watch?v=7Fl1uncm4Ik&lc=UgxKOLfchuwernQW4f94AaABAg&pp=0gcJCSMANpG00pGi","duhh...jauh lebih bgus film a working man","3",""
"https://www.youtube.com/@wiliazhari1615","@wiliazhari1615","4 bulan yang lalu","https://www.youtube.com/watch?v=7Fl1uncm4Ik&lc=UgxT2kU7x7_OaYLCvVx4AaABAg&pp=0gcJCSMANpG00pGi","Film horor kok lucu","1",""
"https://www.youtube.com/@arzhii357","@arzhii357","4 bulan yang lalu","https://www.youtube.com/watch?v=7Fl1uncm4Ik&lc=UgyzK8PUYBd-lZBQiVp4AaABAg","Min request pembahasan three body versi drama china, host tentu bang aria mungkin bisa nambah Sinema Tengah Malam.","2","·"
"https://www.youtube.com/@kurniawandrm","@kurniawandrm","4 bulan yang lalu (diedit)","https://www.youtube.com/watch?v=7Fl1uncm4Ik&lc=UgzqRCQirYU6P6ySHPx4AaABAg","saran aja nih.. kalau mau lihat aktivitas buruh pabrik, coba saja  buat dan ngajuin proposal 'Kunjungan industri'. Nanti akan ada banyak aktivitas di pabrik yang dilihat","76","·"
"https://www.youtube.com/@jajakapreneur2490","@jajakapreneur2490","4 bulan yang lalu","https://www.youtube.com/watch?v=7Fl1uncm4Ik&lc=Ugz0gkEkz3zdTjjfYLN4AaABAg","Arya gradasi warna jenggotnya bagus..","2","·"
"https://www.youtube.com/@PebrizalAmk","@PebrizalAmk","4 bulan yang lalu","https://www.youtube.com/watch?v=7Fl1uncm4Ik&lc=Ugwvr3kKKiKveUc10L14AaABAg","Secara formula mirip KKN 1, tapi yang sangat disuka dari Pabrik gula Komedi lebih pecah serta suasana horor  yang sangat mencekam","5",""
"https://www.youtube.com/@faizalazharsulaeman8258","@faizalazharsulaeman8258","4 bulan yang lalu","https://www.youtube.com/watch?v=7Fl1uncm4Ik&lc=UgzUDSPG_N2odVENirR4AaABAg","Alhamdulillah akhirnya direquest juga, bisa lalajo nanti hari Minggu pas ada crew dan cast film Pabrik Gula di BEC Bandung","3","·"
"https://www.youtube.com/@nurkholis3728","@nurkholis3728","2 hari yang lalu","https://www.youtube.com/watch?v=7Fl1uncm4Ik&lc=UgwQBHDlISlE6E0jgIF4AaABAg","buset nonton di netflix gelap bgt... sampe gak bisa di nikmati film nya
Awi = Gelap
Akhir film ada hantu nya
yang keren cuma hantu naik sepeda sama yang  kuntilanak turun
dan gak ada Gore nya sama sekali gak ada klimaks nya film ini","1",""
"https://www.youtube.com/@gandayanuar6554","@gandayanuar6554","4 bulan yang lalu (diedit)","https://www.youtube.com/watch?v=7Fl1uncm4Ik&lc=UgwB5QC9Nwq2DpBS-D94AaABAg","Film horror yang digendong sama komedi dari para komika daerah jawa tengah-timur.

Bangga aku mas beni, mas sadana, sama mas arif","4","·"
"https://www.youtube.com/@AovMotor","@AovMotor","4 bulan yang lalu","https://www.youtube.com/watch?v=7Fl1uncm4Ik&lc=UgyIOk7HgScuURo8fhJ4AaABAg","Aria dan Anty memang paling pass review Pabrik Gula ini, love","3","·"
"https://www.youtube.com/@fayardyan3125","@fayardyan3125","4 bulan yang lalu (diedit)","https://www.youtube.com/watch?v=7Fl1uncm4Ik&lc=Ugzu31ikC27pW2Z3D5p4AaABAg","Setuju sih....ini kyk KKN banget cuma versi upgrade, dari segi plot cerita dan horror mirip bgt, ga ada yg baru, cuma ketolong sama teknis sinematografi dan selipan komedi yg lucu. Buat sekedar hiburan seru2an sih ok tp sayangnya tidak berkesan. Score : 6.

Btw pas ending si Arya kasih kode bgt  kyknya ga lama lagi bakal keluar review yg ditunggu2 dr duo Arya Anthy untuk film Lebaran lain","8","·"
"https://www.youtube.com/@RGStyleBali","@RGStyleBali","4 bulan yang lalu","https://www.youtube.com/watch?v=7Fl1uncm4Ik&lc=Ugw2PfBLwQDqXxdU0yt4AaABAg","Setuju untuk color grading bagus , komedi juga bagus tapi untuk cerita b aja , untuk horor nya juga fresh","2","·"
"https://www.youtube.com/@ridhomatiin","@ridhomatiin","4 bulan yang lalu","https://www.youtube.com/watch?v=7Fl1uncm4Ik&lc=UgxR56lBuvOlWyicRiF4AaABAg","gw nonton film ini sepanjang film cuman bisa ketawa ketawa aja pas adegan horornya 
tapi akting dukun yang udah tua nya itu ngeselin bat njir wkwkwkkw
terus kok bisa kepikiran ada orang yang hubungan badan di pabrik terbengkalai wkwk
terus setannnya kaya musuhnya harry potter yang dementor wkwkw","1","·"
"https://www.youtube.com/@jawadhipa","@jawadhipa","4 bulan yang lalu","https://www.youtube.com/watch?v=7Fl1uncm4Ik&lc=UgxvSTHS68Sceyk_Hox4AaABAg","Belum nonton, Nunggu  yang versi Pabrik gula,lewih dowo lewih nafsuni..","2",""
"https://www.youtube.com/@adhisarakridowasono1019","@adhisarakridowasono1019","4 bulan yang lalu","https://www.youtube.com/watch?v=7Fl1uncm4Ik&lc=UgzGVnAJ40aejc1pDCl4AaABAg","just another streaming worthy not cinema worthy","1",""
"https://www.youtube.com/@SuperKabull","@SuperKabull","4 bulan yang lalu","https://www.youtube.com/watch?v=7Fl1uncm4Ik&lc=UgyGHaN5wBuUbx6j1pJ4AaABAg&pp=0gcJCSMANpG00pGi","Boring banget, menit awal udah ada penampakan gak jelas, masa baru sampai MLM itu juga muncul hantunya cuk apa baru sampai trus dikasih kamar tanpa penjelasan. Tiba tiba makan malam aja tuh, terus keluar jauh dari kandang efek ganti scene hantu nongol","2",""
"https://www.youtube.com/@rizkiramadhanhsb6405","@rizkiramadhanhsb6405","4 bulan yang lalu","https://www.youtube.com/watch?v=7Fl1uncm4Ik&lc=UgyDI6iuSyVPglUYtGx4AaABAg","Kkn didesa penari versi revolusi industri","37","·"
"https://www.youtube.com/@fahmirizky5205","@fahmirizky5205","4 bulan yang lalu","https://www.youtube.com/watch?v=7Fl1uncm4Ik&lc=UgzI2H91WpeYEja5z494AaABAg","memang film laris bukan berarti film bagus, tapi yang disayangkan berarti trend market penonton film kita gini yaa??? masih percaya Jumbo dan Qodrat2 lebih rame yuk ketimbang pabrik gula uncut, pabrik gula director cut, pabrik gula extended dan lainya ini yang mana tiap scenesnya ketebak. untung nontonnya undangan dan gratisan","137",""
"https://www.youtube.com/@widya.rachma","@widya.rachma","4 bulan yang lalu","https://www.youtube.com/watch?v=7Fl1uncm4Ik&lc=Ugzcyuw0RufqZwfdwsl4AaABAg","review norma harus sama pasutri ini plis","1","·"
"https://www.youtube.com/@24ghaninaufal","@24ghaninaufal","4 bulan yang lalu","https://www.youtube.com/watch?v=7Fl1uncm4Ik&lc=Ugw5CqBpbzvi4VZHNVd4AaABAg","SPOILER WARNING️
.
.
.
.
.
.
.
.
padahal udh berharap endingnya itu demit ga terima diakalin, jadi ada pembantaian seluruh pekerja di situ, ada yg kegiling, ada yang kebakar, dll","1",""
"https://www.youtube.com/@tphamonangan9967","@tphamonangan9967","4 bulan yang lalu","https://www.youtube.com/watch?v=7Fl1uncm4Ik&lc=Ugwlql2KleFl_3Etqvd4AaABAg","Saya udah nonton, baru aja hari ini dan studio bioskop nya asli penuh banget. 
Ijin berkomentar juga ya.. menurut saya pribadi filmnya, ya kurang lebih seperti horror pada umumnya. Bahkan perbedaan versi Cut dan Uncut nya pun hanya sekitar semenit dan krna ada adegan itu nya (saya yakin udh banyak yg menduga adegan ""Cut"" nya adlah adegan begituan, jd hrsnya ga kena spoiler lah yaa ) 
Mau diblg ""based on true event"" kek, ada yg koment filmnya nakutin, terbaik, bla bla bla kek.. 
Jujur, saya LEBIH SUKA QODRAT 2, JUMBO dan Kesurupan Massal (mirip soalnya melibatkan banyak orang di sana) sekali lg mohon maaf ya, ini pendapat pribadi aja, silakan klo teman2 punya pendapat berbeda.
Saya agak malu dibilang ikut2an ato sekedar Fomo  mgkn karena musim libur jg jd banyak yg nonton di bioskop. Yah kdg saya jg suka miris sendiri klo ada film yg secara kualitas sbnrnya lebih baik tp knpa jumlah penonton nya malah kurang / sedikitt 
Mungkin itu aja, sorry klo ada keliru ato comment ny kepanjangan.
Makasiih sblmnya","26","·"
"https://www.youtube.com/@zianfarahariyadatuljanah407","@zianfarahariyadatuljanah407","4 bulan yang lalu","https://www.youtube.com/watch?v=7Fl1uncm4Ik&lc=UgydQxuIJQFl4wwp5BN4AaABAg&pp=0gcJCSMANpG00pGi","Udah biasa, MD lebih banyak gimmicknya daripda kualitas filmnya. Mirisnya banyak penonton Indonesia yang nggk bisa seleksi","69",""
"https://www.youtube.com/@iw2751","@iw2751","4 bulan yang lalu","https://www.youtube.com/watch?v=7Fl1uncm4Ik&lc=UgxEy5RMg28ufOE2eXF4AaABAg","Kkn di desa penari ketemu the medium...","4",""
"https://www.youtube.com/@shabira_","@shabira_","4 bulan yang lalu","https://www.youtube.com/watch?v=7Fl1uncm4Ik&lc=UgzWziTCR3vhvO32D8N4AaABAg","akhirnya direview jugaa maaci cinecribb","","·"
"https://www.youtube.com/@gandayanuar6554","@gandayanuar6554","4 bulan yang lalu (diedit)","https://www.youtube.com/watch?v=7Fl1uncm4Ik&lc=UgwB5QC9Nwq2DpBS-D94AaABAg","Film horror yang digendong sama komedi dari para komika daerah jawa tengah-timur.

Bangga aku mas beni, mas sadana, sama mas arif","4","·"
"https://www.youtube.com/@AovMotor","@AovMotor","4 bulan yang lalu","https://www.youtube.com/watch?v=7Fl1uncm4Ik&lc=UgyIOk7HgScuURo8fhJ4AaABAg","Aria dan Anty memang paling pass review Pabrik Gula ini, love","3","·"
"https://www.youtube.com/@fayardyan3125","@fayardyan3125","4 bulan yang lalu (diedit)","https://www.youtube.com/watch?v=7Fl1uncm4Ik&lc=Ugzu31ikC27pW2Z3D5p4AaABAg","Setuju sih....ini kyk KKN banget cuma versi upgrade, dari segi plot cerita dan horror mirip bgt, ga ada yg baru, cuma ketolong sama teknis sinematografi dan selipan komedi yg lucu. Buat sekedar hiburan seru2an sih ok tp sayangnya tidak berkesan. Score : 6.

Btw pas ending si Arya kasih kode bgt  kyknya ga lama lagi bakal keluar review yg ditunggu2 dr duo Arya Anthy untuk film Lebaran lain","8","·"
"https://www.youtube.com/@RGStyleBali","@RGStyleBali","4 bulan yang lalu","https://www.youtube.com/watch?v=7Fl1uncm4Ik&lc=Ugw2PfBLwQDqXxdU0yt4AaABAg","Setuju untuk color grading bagus , komedi juga bagus tapi untuk cerita b aja , untuk horor nya juga fresh","2","·"
"https://www.youtube.com/@ridhomatiin","@ridhomatiin","4 bulan yang lalu","https://www.youtube.com/watch?v=7Fl1uncm4Ik&lc=UgxR56lBuvOlWyicRiF4AaABAg","gw nonton film ini sepanjang film cuman bisa ketawa ketawa aja pas adegan horornya 
tapi akting dukun yang udah tua nya itu ngeselin bat njir wkwkwkkw
terus kok bisa kepikiran ada orang yang hubungan badan di pabrik terbengkalai wkwk
terus setannnya kaya musuhnya harry potter yang dementor wkwkw","1","·"
"https://www.youtube.com/@jawadhipa","@jawadhipa","4 bulan yang lalu","https://www.youtube.com/watch?v=7Fl1uncm4Ik&lc=UgxvSTHS68Sceyk_Hox4AaABAg","Belum nonton, Nunggu  yang versi Pabrik gula,lewih dowo lewih nafsuni..","2",""
"https://www.youtube.com/@adhisarakridowasono1019","@adhisarakridowasono1019","4 bulan yang lalu","https://www.youtube.com/watch?v=7Fl1uncm4Ik&lc=UgzGVnAJ40aejc1pDCl4AaABAg","just another streaming worthy not cinema worthy","1",""
"https://www.youtube.com/@SuperKabull","@SuperKabull","4 bulan yang lalu","https://www.youtube.com/watch?v=7Fl1uncm4Ik&lc=UgyGHaN5wBuUbx6j1pJ4AaABAg&pp=0gcJCSMANpG00pGi","Boring banget, menit awal udah ada penampakan gak jelas, masa baru sampai MLM itu juga muncul hantunya cuk apa baru sampai trus dikasih kamar tanpa penjelasan. Tiba tiba makan malam aja tuh, terus keluar jauh dari kandang efek ganti scene hantu nongol","2",""
"https://www.youtube.com/@rizkiramadhanhsb6405","@rizkiramadhanhsb6405","4 bulan yang lalu","https://www.youtube.com/watch?v=7Fl1uncm4Ik&lc=UgyDI6iuSyVPglUYtGx4AaABAg","Kkn didesa penari versi revolusi industri","37","·"
"https://www.youtube.com/@fahmirizky5205","@fahmirizky5205","4 bulan yang lalu","https://www.youtube.com/watch?v=7Fl1uncm4Ik&lc=UgzI2H91WpeYEja5z494AaABAg","memang film laris bukan berarti film bagus, tapi yang disayangkan berarti trend market penonton film kita gini yaa??? masih percaya Jumbo dan Qodrat2 lebih rame yuk ketimbang pabrik gula uncut, pabrik gula director cut, pabrik gula extended dan lainya ini yang mana tiap scenesnya ketebak. untung nontonnya undangan dan gratisan","137",""
"https://www.youtube.com/@widya.rachma","@widya.rachma","4 bulan yang lalu","https://www.youtube.com/watch?v=7Fl1uncm4Ik&lc=Ugzcyuw0RufqZwfdwsl4AaABAg","review norma harus sama pasutri ini plis","1","·"
"https://www.youtube.com/@24ghaninaufal","@24ghaninaufal","4 bulan yang lalu","https://www.youtube.com/watch?v=7Fl1uncm4Ik&lc=Ugw5CqBpbzvi4VZHNVd4AaABAg","SPOILER WARNING️
.
.
.
.
.
.
.
.
padahal udh berharap endingnya itu demit ga terima diakalin, jadi ada pembantaian seluruh pekerja di situ, ada yg kegiling, ada yang kebakar, dll","1",""
"https://www.youtube.com/@tphamonangan9967","@tphamonangan9967","4 bulan yang lalu","https://www.youtube.com/watch?v=7Fl1uncm4Ik&lc=Ugwlql2KleFl_3Etqvd4AaABAg","Saya udah nonton, baru aja hari ini dan studio bioskop nya asli penuh banget. 
Ijin berkomentar juga ya.. menurut saya pribadi filmnya, ya kurang lebih seperti horror pada umumnya. Bahkan perbedaan versi Cut dan Uncut nya pun hanya sekitar semenit dan krna ada adegan itu nya (saya yakin udh banyak yg menduga adegan ""Cut"" nya adlah adegan begituan, jd hrsnya ga kena spoiler lah yaa ) 
Mau diblg ""based on true event"" kek, ada yg koment filmnya nakutin, terbaik, bla bla bla kek.. 
Jujur, saya LEBIH SUKA QODRAT 2, JUMBO dan Kesurupan Massal (mirip soalnya melibatkan banyak orang di sana) sekali lg mohon maaf ya, ini pendapat pribadi aja, silakan klo teman2 punya pendapat berbeda.
Saya agak malu dibilang ikut2an ato sekedar Fomo  mgkn karena musim libur jg jd banyak yg nonton di bioskop. Yah kdg saya jg suka miris sendiri klo ada film yg secara kualitas sbnrnya lebih baik tp knpa jumlah penonton nya malah kurang / sedikitt 
Mungkin itu aja, sorry klo ada keliru ato comment ny kepanjangan.
Makasiih sblmnya","26","·"
"https://www.youtube.com/@zianfarahariyadatuljanah407","@zianfarahariyadatuljanah407","4 bulan yang lalu","https://www.youtube.com/watch?v=7Fl1uncm4Ik&lc=UgydQxuIJQFl4wwp5BN4AaABAg&pp=0gcJCSMANpG00pGi","Udah biasa, MD lebih banyak gimmicknya daripda kualitas filmnya. Mirisnya banyak penonton Indonesia yang nggk bisa seleksi","69",""
"https://www.youtube.com/@iw2751","@iw2751","4 bulan yang lalu","https://www.youtube.com/watch?v=7Fl1uncm4Ik&lc=UgxEy5RMg28ufOE2eXF4AaABAg","Kkn di desa penari ketemu the medium...","4",""
"https://www.youtube.com/@shabira_","@shabira_","4 bulan yang lalu","https://www.youtube.com/watch?v=7Fl1uncm4Ik&lc=UgzWziTCR3vhvO32D8N4AaABAg","akhirnya direview jugaa maaci cinecribb","","·"
"https://www.youtube.com/@firmanoktafian9109","@firmanoktafian9109","4 bulan yang lalu","https://www.youtube.com/watch?v=7Fl1uncm4Ik&lc=Ugw9q-ZcHyBLW5HvXOx4AaABAg","Qodrat 2 jauh lebih bagus, itu saja dari pusat mah....","1",""
"https://www.youtube.com/@kjokkenmoddinger6291","@kjokkenmoddinger6291","4 bulan yang lalu","https://www.youtube.com/watch?v=7Fl1uncm4Ik&lc=Ugyu9BiPeb9Oo22lS9F4AaABAg","Kalau tanpa embel-embel ""kisah nyata"" mayan lah wkwkwkwk","1","·"
"https://www.youtube.com/@myredemperror","@myredemperror","4 bulan yang lalu","https://www.youtube.com/watch?v=7Fl1uncm4Ik&lc=UgxVkjtSvmOwBUp22gF4AaABAg","nonton film ini keseringan dibikin kaget sampe misuh misuh  sama banyak adegan gak penting dilama lamain (adegan endah nyari sumber suara) kek biar apaa gitu? 

but atleast gak selama adegan widya nyibuk air pake gayung di kkn sih","3","·"
"https://www.youtube.com/@ekapratama4790","@ekapratama4790","4 bulan yang lalu","https://www.youtube.com/watch?v=7Fl1uncm4Ik&lc=UgwGPCQowXIZFmWMuod4AaABAg&pp=0gcJCSMANpG00pGi","Yg paling kasian yg sma mas eko yg mati d sumur, yg di ceritain malah rani yg ktanya gak knapa2","5","·"
"https://www.youtube.com/@SandalKuMana","@SandalKuMana","4 bulan yang lalu","https://www.youtube.com/watch?v=7Fl1uncm4Ik&lc=Ugy89-izIK9Vde5Cpxl4AaABAg","Jumpscareny menyebalkan malah ditambah pake sound yg seharusny ga perlu ada juga gpp. Asli nih film cuma di selamatin sama komediny doang selebihny kureng.","40",""
"https://www.youtube.com/@surmadi_aby","@surmadi_aby","4 bulan yang lalu","https://www.youtube.com/watch?v=7Fl1uncm4Ik&lc=Ugw3xKZCrnbjcix2kcd4AaABAg","Nonton KKN, nonton Pabrik Gula dan pokok nya nonton horor MD tuh ga mau ekspek tinggi....kalo buat entertaining doank Oke lah....karena formula nya pasti selalu sama ..walopun tetep Kimo ajah seh yg selalu jadi dokter penyelamat.","10",""
"https://www.youtube.com/@keresahanhati8538","@keresahanhati8538","4 bulan yang lalu","https://www.youtube.com/watch?v=7Fl1uncm4Ik&lc=Ugyp2xiHgVRw9VScvXR4AaABAg","dan seperti biasa kurang cahaya disana sini...ahahaha","2","·"
"https://www.youtube.com/@NvrFy","@NvrFy","4 bulan yang lalu (diedit)","https://www.youtube.com/watch?v=7Fl1uncm4Ik&lc=Ugy8OU2PEzaywd49stx4AaABAg","Yang salutnya dari film ini adalah mereka berani menghadirkan sosok siluman asli seperti beni","1","·"
"https://www.youtube.com/@Juno-nw9cw","@Juno-nw9cw","4 bulan yang lalu (diedit)","https://www.youtube.com/watch?v=7Fl1uncm4Ik&lc=Ugx_HmNVB86jt7AqxOd4AaABAg","Ga bisa review banyak karena cuma nonton setengah, selebihnya tidur. Tapi yang gue tandain, jumpscarenya nyebelin. Pas si endah ngeliat keluar dari kaca, tiba2 naning ngejutin dari belakang, sebel banget itu jumpcare jelek mana soundnya JENG JENG JENG JENG. 

Si endah yang minum dengar suara tiba2 keluar ke pabrik itu juga rada aneh. Dalihnya karena ngeliat ada yang keluar, tapi dari scene si endah minum sampai buka pintu ga ada siluet/orang keluar rumah. 

Scene horor yang agak seru pas endah ngejar rani terus si rani tiba2 lari dan berubah jadi hantu.","6","·"
"https://www.youtube.com/@ocytnosrednah4871","@ocytnosrednah4871","4 bulan yang lalu","https://www.youtube.com/watch?v=7Fl1uncm4Ik&lc=UgzuVSgukur6h8ckyI14AaABAg","Padahal kalau JUMBO lebih laris, MD mau bikin DENNIS THE MOVIE...","6",""
"https://www.youtube.com/@tosugi6278","@tosugi6278","4 bulan yang lalu","https://www.youtube.com/watch?v=7Fl1uncm4Ik&lc=Ugx4vgbDrEARU8EazT54AaABAg&pp=0gcJCSMANpG00pGi","Duet Beni Siregar & Arif Alfiansyah mampu membuat si Kunti ngompol","4","·"
"https://www.youtube.com/@l4w4nr3z1m","@l4w4nr3z1m","4 bulan yang lalu","https://www.youtube.com/watch?v=7Fl1uncm4Ik&lc=Ugxz2FdAQFidgajFDL54AaABAg","Abis ini rilis ""Pabrik Gula Luwih Dowo Luwih Medeni"". Sudah nih? Nanti dilanjutkan dengan MD Pictures akan membuat semacam franchise untuk Pabrik Gula yang isinya film, serial, sinetron, video game, podcast, hotel, single, album, wahana bermain dan juga museum Pabrik Gula sebagai peninggalan properti Pabrik Gula yang gw sebutin semua itu. Kurang apa coba?","195",""
"https://www.youtube.com/@yoannestrias9909","@yoannestrias9909","4 bulan yang lalu","https://www.youtube.com/watch?v=7Fl1uncm4Ik&lc=UgxiU8hTjBm6_oFGhDh4AaABAg","MPV = Mbah Jinah, udah tua actingnya all out","3","·"
"https://www.youtube.com/@ardatama9295","@ardatama9295","4 bulan yang lalu","https://www.youtube.com/watch?v=7Fl1uncm4Ik&lc=UgyewXwPkY076iUUI754AaABAg","Rating 4/10, karakter ga kuat cerita udh bosen template kkn bgt jumpscare jg monoton bnyk adegan yg ga logis, jauh mending qodrat beda level","4",""
"https://www.youtube.com/@DizzyRaditya","@DizzyRaditya","4 bulan yang lalu","https://www.youtube.com/watch?v=7Fl1uncm4Ik&lc=Ugx-dqt-EuEYYD3QDzR4AaABAg","Selamat lebaran crew cine crib.","3","·"
"https://www.youtube.com/@rijalmuhamad_","@rijalmuhamad_","4 bulan yang lalu","https://www.youtube.com/watch?v=7Fl1uncm4Ik&lc=Ugz15BivtUizlTp5_bt4AaABAg&pp=0gcJCSMANpG00pGi","Suka deh kalo reviewnya sama kak Anthy","","·"
"https://www.youtube.com/@luthfannaufal9262","@luthfannaufal9262","4 bulan yang lalu","https://www.youtube.com/watch?v=7Fl1uncm4Ik&lc=Ugw9Q16ge7MFdszbPkF4AaABAg","Ini film kalo dibikin sekuel pasti judulnya gudang garam","2","·"
"https://www.youtube.com/@bianconero4107","@bianconero4107","4 bulan yang lalu","https://www.youtube.com/watch?v=7Fl1uncm4Ik&lc=Ugx2P5QO4Opl-itrTQF4AaABAg","Pesan moral dari film-film horor yang bersumber dari simpleman ialah jangan ngacengan, jangan ngws sembarangan.

Btw, cukup enjoy dengan filmnya, 
(+) Suka dengan elemen ritual dan budaya yang ditampilin, mbah Jinah gokil sih.
Wati ngerap

(-) Yang ditampakin mayan banyak, tapi kurang informasi untuk histori masing-masing mahluknya, yang selalu dihighlight gerombolan kebakaran (jadi inget anime Ajin tiap liat mereka).","14","·"
"https://www.youtube.com/@Damairiaaa","@Damairiaaa","4 bulan yang lalu","https://www.youtube.com/watch?v=7Fl1uncm4Ik&lc=UgwBmqPQzAvGlHsLZ5N4AaABAg","Ga nyangka sih nonton cinecrib dari jaman razak julid sama roy kiyosh sampe sekarang si arya jenggotan","11","·"
"https://www.youtube.com/@deriwarsito7665","@deriwarsito7665","4 bulan yang lalu","https://www.youtube.com/watch?v=7Fl1uncm4Ik&lc=UgwRovJCQHAqRtwzlmx4AaABAg&pp=0gcJCSMANpG00pGi","jadi inget nonton suzanna yg terakhir
pas ditanya yg berkesan yg mana? saya jawab yg ada opie kumis sama ence bagus nya","3","·"
"https://www.youtube.com/@surmadi_aby","@surmadi_aby","4 bulan yang lalu","https://www.youtube.com/watch?v=7Fl1uncm4Ik&lc=Ugw3xKZCrnbjcix2kcd4AaABAg","Nonton KKN, nonton Pabrik Gula dan pokok nya nonton horor MD tuh ga mau ekspek tinggi....kalo buat entertaining doank Oke lah....karena formula nya pasti selalu sama ..walopun tetep Kimo ajah seh yg selalu jadi dokter penyelamat.","10",""
"https://www.youtube.com/@keresahanhati8538","@keresahanhati8538","4 bulan yang lalu","https://www.youtube.com/watch?v=7Fl1uncm4Ik&lc=Ugyp2xiHgVRw9VScvXR4AaABAg","dan seperti biasa kurang cahaya disana sini...ahahaha","2","·"
"https://www.youtube.com/@NvrFy","@NvrFy","4 bulan yang lalu (diedit)","https://www.youtube.com/watch?v=7Fl1uncm4Ik&lc=Ugy8OU2PEzaywd49stx4AaABAg","Yang salutnya dari film ini adalah mereka berani menghadirkan sosok siluman asli seperti beni","1","·"
"https://www.youtube.com/@Juno-nw9cw","@Juno-nw9cw","4 bulan yang lalu (diedit)","https://www.youtube.com/watch?v=7Fl1uncm4Ik&lc=Ugx_HmNVB86jt7AqxOd4AaABAg","Ga bisa review banyak karena cuma nonton setengah, selebihnya tidur. Tapi yang gue tandain, jumpscarenya nyebelin. Pas si endah ngeliat keluar dari kaca, tiba2 naning ngejutin dari belakang, sebel banget itu jumpcare jelek mana soundnya JENG JENG JENG JENG. 

Si endah yang minum dengar suara tiba2 keluar ke pabrik itu juga rada aneh. Dalihnya karena ngeliat ada yang keluar, tapi dari scene si endah minum sampai buka pintu ga ada siluet/orang keluar rumah. 

Scene horor yang agak seru pas endah ngejar rani terus si rani tiba2 lari dan berubah jadi hantu.","6","·"
"https://www.youtube.com/@ocytnosrednah4871","@ocytnosrednah4871","4 bulan yang lalu","https://www.youtube.com/watch?v=7Fl1uncm4Ik&lc=UgzuVSgukur6h8ckyI14AaABAg","Padahal kalau JUMBO lebih laris, MD mau bikin DENNIS THE MOVIE...","6",""
"https://www.youtube.com/@tosugi6278","@tosugi6278","4 bulan yang lalu","https://www.youtube.com/watch?v=7Fl1uncm4Ik&lc=Ugx4vgbDrEARU8EazT54AaABAg&pp=0gcJCSMANpG00pGi","Duet Beni Siregar & Arif Alfiansyah mampu membuat si Kunti ngompol","4","·"
"https://www.youtube.com/@l4w4nr3z1m","@l4w4nr3z1m","4 bulan yang lalu","https://www.youtube.com/watch?v=7Fl1uncm4Ik&lc=Ugxz2FdAQFidgajFDL54AaABAg","Abis ini rilis ""Pabrik Gula Luwih Dowo Luwih Medeni"". Sudah nih? Nanti dilanjutkan dengan MD Pictures akan membuat semacam franchise untuk Pabrik Gula yang isinya film, serial, sinetron, video game, podcast, hotel, single, album, wahana bermain dan juga museum Pabrik Gula sebagai peninggalan properti Pabrik Gula yang gw sebutin semua itu. Kurang apa coba?","195",""
"https://www.youtube.com/@yoannestrias9909","@yoannestrias9909","4 bulan yang lalu","https://www.youtube.com/watch?v=7Fl1uncm4Ik&lc=UgxiU8hTjBm6_oFGhDh4AaABAg","MPV = Mbah Jinah, udah tua actingnya all out","3","·"
"https://www.youtube.com/@ardatama9295","@ardatama9295","4 bulan yang lalu","https://www.youtube.com/watch?v=7Fl1uncm4Ik&lc=UgyewXwPkY076iUUI754AaABAg","Rating 4/10, karakter ga kuat cerita udh bosen template kkn bgt jumpscare jg monoton bnyk adegan yg ga logis, jauh mending qodrat beda level","4",""
"https://www.youtube.com/@DizzyRaditya","@DizzyRaditya","4 bulan yang lalu","https://www.youtube.com/watch?v=7Fl1uncm4Ik&lc=Ugx-dqt-EuEYYD3QDzR4AaABAg","Selamat lebaran crew cine crib.","3","·"
"https://www.youtube.com/@rijalmuhamad_","@rijalmuhamad_","4 bulan yang lalu","https://www.youtube.com/watch?v=7Fl1uncm4Ik&lc=Ugz15BivtUizlTp5_bt4AaABAg&pp=0gcJCSMANpG00pGi","Suka deh kalo reviewnya sama kak Anthy","","·"
"https://www.youtube.com/@luthfannaufal9262","@luthfannaufal9262","4 bulan yang lalu","https://www.youtube.com/watch?v=7Fl1uncm4Ik&lc=Ugw9Q16ge7MFdszbPkF4AaABAg","Ini film kalo dibikin sekuel pasti judulnya gudang garam","2","·"
"https://www.youtube.com/@bianconero4107","@bianconero4107","4 bulan yang lalu","https://www.youtube.com/watch?v=7Fl1uncm4Ik&lc=Ugx2P5QO4Opl-itrTQF4AaABAg","Pesan moral dari film-film horor yang bersumber dari simpleman ialah jangan ngacengan, jangan ngws sembarangan.

Btw, cukup enjoy dengan filmnya, 
(+) Suka dengan elemen ritual dan budaya yang ditampilin, mbah Jinah gokil sih.
Wati ngerap

(-) Yang ditampakin mayan banyak, tapi kurang informasi untuk histori masing-masing mahluknya, yang selalu dihighlight gerombolan kebakaran (jadi inget anime Ajin tiap liat mereka).","14","·"
"https://www.youtube.com/@Damairiaaa","@Damairiaaa","4 bulan yang lalu","https://www.youtube.com/watch?v=7Fl1uncm4Ik&lc=UgwBmqPQzAvGlHsLZ5N4AaABAg","Ga nyangka sih nonton cinecrib dari jaman razak julid sama roy kiyosh sampe sekarang si arya jenggotan","11","·"
"https://www.youtube.com/@deriwarsito7665","@deriwarsito7665","4 bulan yang lalu","https://www.youtube.com/watch?v=7Fl1uncm4Ik&lc=UgwRovJCQHAqRtwzlmx4AaABAg&pp=0gcJCSMANpG00pGi","jadi inget nonton suzanna yg terakhir
pas ditanya yg berkesan yg mana? saya jawab yg ada opie kumis sama ence bagus nya","3","·"
"https://www.youtube.com/@hirwansyahgiggs9946","@hirwansyahgiggs9946","4 bulan yang lalu","https://www.youtube.com/watch?v=7Fl1uncm4Ik&lc=Ugw0Z-ALrb4dmB_nMd54AaABAg","Halo Aria & Anthy...ditunggu lho review Norma nya....","1","·"
"https://www.youtube.com/@DidiAl-t2t","@DidiAl-t2t","4 bulan yang lalu","https://www.youtube.com/watch?v=7Fl1uncm4Ik&lc=UgzvzVjMJrtIL83nC8V4AaABAg&pp=0gcJCSMANpG00pGi","Emang plek ketiplek KKN  bedanya kalo KKN badarwuhi kalo pabrik gula maha ratu , jadi skor film lebaran dari gw . Qodrat 2 8/10 pabrik gula 5, 5/10 maaf gw kyk nyesel gtu nonton pabrik gula. Karna mirip KKN banget  come on man","3",""
"https://www.youtube.com/@wibiephoto","@wibiephoto","4 bulan yang lalu","https://www.youtube.com/watch?v=7Fl1uncm4Ik&lc=UgwyHwLnzCxKZojZRy14AaABAg","Nunggu review anthy arya norma wkwkkww","13",""
"https://www.youtube.com/@willgraham981","@willgraham981","4 bulan yang lalu","https://www.youtube.com/watch?v=7Fl1uncm4Ik&lc=Ugy4S_wpHDl5LP9SSnV4AaABAg","liat kak anty pake baju begitu berasa lagi nonton gadis kretek, gantiin dian sastro bisa kali","2","·"
"https://www.youtube.com/@henrydesmo6957","@henrydesmo6957","4 bulan yang lalu","https://www.youtube.com/watch?v=7Fl1uncm4Ik&lc=UgwtrTqEEi_NYVUVxKB4AaABAg","Hari pertama uda tembus 500rb org, qodrat 2 cuman 67rb  berat nih qodrat 2","21",""
"https://www.youtube.com/@ridh.","@ridh.","4 bulan yang lalu","https://www.youtube.com/watch?v=7Fl1uncm4Ik&lc=Ugz5rC4MdJ_4a9cgdVl4AaABAg","Perhiasan yang tak kasat mata tapi bisa dilihat semua orang","2","·"
"https://www.youtube.com/@polisiaja","@polisiaja","4 bulan yang lalu","https://www.youtube.com/watch?v=7Fl1uncm4Ik&lc=UgypCLuJoZXS9NjPvnh4AaABAg","Yang Culas nya, film jelek gini keluar pas lebaran. Nyari cuan di momen lebaran, tp kualitas amburadul, mungkin pake ordal kali ya, jadi bisa dapet jatah tayang pas lebaran","1",""
"https://www.youtube.com/@dennisbuchori9428","@dennisbuchori9428","4 bulan yang lalu","https://www.youtube.com/watch?v=7Fl1uncm4Ik&lc=Ugzan_cuVtEzAKtYg0l4AaABAg&pp=0gcJCSMANpG00pGi","Norma bang cobaa","1","·"
"https://www.youtube.com/@zayn_alabied48","@zayn_alabied48","4 bulan yang lalu","https://www.youtube.com/watch?v=7Fl1uncm4Ik&lc=UgwcSkMa7iizYPEbFhh4AaABAg","Review norma","1","·"
"https://www.youtube.com/@valenciaclara3423","@valenciaclara3423","4 bulan yang lalu","https://www.youtube.com/watch?v=7Fl1uncm4Ik&lc=Ugwt-ni01hzvImJbQ314AaABAg","Mnrtku Pabrik Gula mirip KKN sih kak...cuma bedanya ini buruh, yg satunya mahasiswa...

Backsoundnya gila bikin kuping sakit...
Jumpscarenya bisa ketebak setannya muncul dimana...
Plot twistnya bisa ketebak siapa pelakunya...

Di tengah film smpt ketdran sumpah boring banget...pas melek pas ada jokesnya sih...ketolong sama jokesnya...

Skor pribadiku 6.5/10 

Cusss ntn Qodrat 2 dan Jumbo. Yang lain skip","10",""
"https://www.youtube.com/@dikiaddin","@dikiaddin","4 bulan yang lalu","https://www.youtube.com/watch?v=7Fl1uncm4Ik&lc=Ugw8heSZ0GzP-3j9MtN4AaABAg","Masyaallah, sudah 1 juta penonton kesurupan kuda lumping. Ini layak dapet nominasi best picture oscar. Ditambah 2 versinya yang sangat penting sekali apalagi yang UNCUT ini lebih bagus daripada JL Snyder Cut.","10",""
"https://www.youtube.com/@eldwin_muhammad","@eldwin_muhammad","4 bulan yang lalu","https://www.youtube.com/watch?v=7Fl1uncm4Ik&lc=UgwY5rniJ-l8HWmxJ2J4AaABAg","Kalo di CGV ada tuh yg uncut tapi jam siang","3",""
"https://www.youtube.com/@Kevin-ky8fn","@Kevin-ky8fn","4 bulan yang lalu (diedit)","https://www.youtube.com/watch?v=7Fl1uncm4Ik&lc=Ugzx5KQTkY5URq_2XJx4AaABAg","Film begini bisa dengan bangganya bisa tayang di Amerika sudah saya duga, ini film bakal overated parah kayak KKN.","20",""
"https://www.youtube.com/@indisugartaufik","@indisugartaufik","4 bulan yang lalu","https://www.youtube.com/watch?v=7Fl1uncm4Ik&lc=Ugw4IYXqoVBaU2MLJrp4AaABAg&pp=0gcJCSMANpG00pGi","Biasanya kalau kalian yang review aku semangat nonton karena ada subtitlenya. Kok sekarang gak ada? Padahal lagi butuh banget suasana Lebaran gini rumah berisik","3","·"
"https://www.youtube.com/@cisco639","@cisco639","4 bulan yang lalu","https://www.youtube.com/watch?v=7Fl1uncm4Ik&lc=UgwKFe5jE7UtYXfP9ql4AaABAg&pp=0gcJCSMANpG00pGi","Sadana Agung bisa cepet kaya ini","3","·"
"https://www.youtube.com/@Unai978","@Unai978","4 bulan yang lalu","https://www.youtube.com/watch?v=7Fl1uncm4Ik&lc=UgzFAFRk0kexsAPWLul4AaABAg","Nonton ini setelah nonton Qodrat 2..jauh banget feel nya..cuma menikmati komedinya aja..kalo horor nya bikin bingung banyak penampakan tapi ga ada arti nya","66",""
"https://www.youtube.com/@hersaekarizkasabila5371","@hersaekarizkasabila5371","4 bulan yang lalu","https://www.youtube.com/watch?v=7Fl1uncm4Ik&lc=UgxdEtwSnLaZjvlw4Sl4AaABAg","kemarin nonton PGU, tadinya pengin nonton Q2 tapi jam nya ga pas eyy, alhasil nonton PGU deh, rate 6,5/10 sih","2","·"
"https://www.youtube.com/@watchlisten5276","@watchlisten5276","4 bulan yang lalu","https://www.youtube.com/watch?v=7Fl1uncm4Ik&lc=UgwDqV8PKfdAZOceTKF4AaABAg","Mending nonton Qodrat 2 sama Jumbo aja  Pabrik Gula skip","2",""
"https://www.youtube.com/@rofficial7261","@rofficial7261","4 bulan yang lalu","https://www.youtube.com/watch?v=7Fl1uncm4Ik&lc=UgylNgGPIJF2OLfir614AaABAg","gw pas nonton film ini di beberapa scene keinget film exhuma","2","·"
"https://www.youtube.com/@andrryrustandiofficial","@andrryrustandiofficial","4 bulan yang lalu","https://www.youtube.com/watch?v=7Fl1uncm4Ik&lc=UgwMMbTt8mnpUjWBvSR4AaABAg&pp=0gcJCSMANpG00pGi","7 Nining cebok ,,, kak anthy sumpah bengek gua","1","·"