"Link Channel","ID Channel","Waktu","Link video","Komentar","Like"
"https://www.youtube.com/@anggapratama6402","@anggapratama6402","1 bulan yang lalu","https://www.youtube.com/watch?v=KB6-tXqBSyk&lc=UgzSPcd7Am8PskOilmR4AaABAg","pas endingnya, sheila dara didandanin mirip banget dengan apa yang ditampilakn tika bravani di webseries. astaga mirip bangetttttt.","14"
"https://www.youtube.com/@Quadraterz","@Quadraterz","1 bulan yang lalu","https://www.youtube.com/watch?v=KB6-tXqBSyk&lc=UgzWcup46RLeTUJknXV4AaABAg","Yang bilang filmnya jelek sini majuuu ü´µü´µ tontonlah guys film bagus iniii!!","63"
"https://www.youtube.com/@ramadanimuhamad10","@ramadanimuhamad10","1 bulan yang lalu","https://www.youtube.com/watch?v=KB6-tXqBSyk&lc=Ugy0OdcCblxWaXRuFPN4AaABAg","WKWKWKWK paling suka kalo duo ini nge-review drama tipikal kaya gini, paasti perang dunia internal","213"
"https://www.youtube.com/@l4w4nr3z1m","@l4w4nr3z1m","1 bulan yang lalu","https://www.youtube.com/watch?v=KB6-tXqBSyk&lc=UgyH0g7dU1_uR0dkBct4AaABAg","Indonesia benar-benar beruntung punya filmmaker sekelas Yandy Laurens, seseorang yang gak cuma paham cara bercerita, tapi juga ngerti bagaimana menyentuh hati penonton lewat detail kecil yang penuh makna. Kita hidup di masa yang sama dengan Yandy saat dia lagi ada di puncak produktivitasnya, dan itu suatu hal yang patut disyukuri. Karena Yandy bukan sekadar sutradara, dia adalah pencerita yang terlahir untuk membuat film. Setiap karyanya terasa personal, hangat, dan punya jiwa, sesuatu yang gak semua pembuat film bisa hadirkan secara konsisten","200"
"https://www.youtube.com/@NikiWonoto26","@NikiWonoto26","1 bulan yang lalu","https://www.youtube.com/watch?v=KB6-tXqBSyk&lc=Ugz5Dqe4cUyHHBgyU4x4AaABAg","kalo menurut gw, intinya jadi kebalik di akhir film-nya: si Jonathan-lah yg akhirnya bisa bertemu dengan Sore (dibanding di awal2 film si Sore yg 'magically' tiba2 nongol begitu aja di hidupnya si Jonathan), setelah Jonathan nya sendiri-lah yg berubah..  bukan karena diubah oleh si Sore. justru yg 'sad/menyedihkan' nya itu adalah di sepanjang film kita justru malah dikasih liat sebuah 'realita/kenyataan' pahit bahwa si Sore failed/gagal mengubah si Jonathan..  jadi intinya, ini justru interpretasi yg lebih 'realistis' nya dari film ini sih..","45"
"https://www.youtube.com/@anjalipritarida2778","@anjalipritarida2778","1 bulan yang lalu","https://www.youtube.com/watch?v=KB6-tXqBSyk&lc=UgxbY-MirTsAWd7HkzJ4AaABAg","paling merinding scene jo ngefoto sunset untuk kedua kalinya , and then sepersekian detik ada glitch sore disitu, kinda remind me of fight club mix feeling banget tolong","13"
"https://www.youtube.com/@johanesbrahmantya7341","@johanesbrahmantya7341","1 bulan yang lalu","https://www.youtube.com/watch?v=KB6-tXqBSyk&lc=UgwRYrUYtl38guhy5Vt4AaABAg","keluar dari bioskop, bengong, speechless dan kagum banget bisa ada film Indonesia sebagus ini. Actingnya, ceritanya, karakternya semuanya seperti terjalin dengan baik, kayak pas banget gitu di banyak sisi. Puas banget!","15"
"https://www.youtube.com/@tosugi6278","@tosugi6278","1 bulan yang lalu","https://www.youtube.com/watch?v=KB6-tXqBSyk&lc=UgwIsUI7a9c2n8QJs_14AaABAg","Nonton film ini jadi inget kuliah filsafat Friedrich Nietzsche tentang Ewige Wiederkunft atau kalau bahasa indonesa nya mah : ""Kekembalian yang sama secara abadi"". Nah, gagasan utama dalam filsafat ini menyatakan bahwa semua peristiwa dalam hidup, baik yang menyenangkan maupun menyakitkan, akan berulang tanpa henti dalam urutan yang sama selamanya. Ini bukan hanya pengulangan fisik, tetapi juga pengulangan pengalaman, pikiran, dan perasaan yang sama. 

Meskipun tampak mengerikan, gagasan ini juga bisa menjadi afirmasi hidup, mendorong seseorang untuk mencintai takdirnya (amor fati) dan menjalani setiap momen dengan sepenuh hati, karena momen itu akan kembali lagi. 

Ya walaupun kita semua tahu lah ya, filsafat ini berbeda dengan pandangan tradisional tentang waktu dan sejarah, yang cenderung melihat waktu sebagai linear dan progresif. Nietzsche menawarkan perspektif siklus di mana waktu berputar kembali pada dirinya sendiri. Konsep kek gini tuh punya implikasi etis yang mendalam lho, mendorong individu untuk bertanggung jawab atas setiap tindakan dan keputusan mereka, karena tindakan tersebut akan terus berulang.","26"
"https://www.youtube.com/@zakaria03","@zakaria03","1 bulan yang lalu","https://www.youtube.com/watch?v=KB6-tXqBSyk&lc=UgyS5lMszEX6tobUAOJ4AaABAg","melebihi ekspetasi, pantas masuk nominasi piala citra, semoga aja dapat lah... 8,8/10 sih... diingatkan kembali tentang arti cinta, arti sayang, arti kematian, dan arti waktu. Setuju untuk mending nonton ini dulu daripada film luar atau film horor indo.","33"
"https://www.youtube.com/@dragneyru6868","@dragneyru6868","1 bulan yang lalu","https://www.youtube.com/watch?v=KB6-tXqBSyk&lc=UgwFHideRIiWarG7v-N4AaABAg","Ada satu hal yang aku tangkep setelah rewatch. Yaitu kenapa malam semakin cepat. Itu karena sore mulai merubah masa depan. Dimana masa depan Jonathan tidak mati sehingga Sore tidak ke kutub utara. Artinya Sore masa depan mengkikis dirinya sendiri secara perlahan.","15"
"https://www.youtube.com/@l4w4nr3z1m","@l4w4nr3z1m","1 bulan yang lalu","https://www.youtube.com/watch?v=KB6-tXqBSyk&lc=Ugy5I-iD9vQUQt4oD6t4AaABAg","Nirina Zubir & Ringgo Agus Rahman. 
Sheila Dara & Dion Wiyoko.

Dua pasangan layar lebar yang berhasil jadi signature duo-nya Yandy Laurens. Gak cuma chemistry-nya yang kuat, tapi juga kemampuan mereka buat ngangkat emosi dari dialog sederhana sampai momen sunyi yang penuh makna. Mereka bisa lucu tanpa maksa, menghibur tanpa kehilangan kedalaman, dan yang paling penting: mereka terasa nyata. Udah kaya combo Ryan Gosling dan Emma Stone versi Indonesia. Kalau Yandy mau terus nge-cast mereka berdua sebagai duo andalannya di setiap film baru, gw siap nonton terus tanpa pikir panjang. Kombinasi ini bukan cuma enak ditonton, ini yang namanya ABSOLUTE CINEMA","147"
"https://www.youtube.com/@RandomforEntertain","@RandomforEntertain","1 bulan yang lalu","https://www.youtube.com/watch?v=KB6-tXqBSyk&lc=Ugyl9Ec4fBOXuyYkJ9Z4AaABAg","Ending nya goattt hareupeun pamajikan","5"
"https://www.youtube.com/@rezageraldi9174","@rezageraldi9174","1 bulan yang lalu","https://www.youtube.com/watch?v=KB6-tXqBSyk&lc=UgyQWgCcNBRsCkxPGh94AaABAg","penonton diajak ngerasain apa yang dirasain Sore, kebangun tiap usaha nya gagal puluhan- ratusan kali. Berasa bgt kita sebagai penonton ngerasain engap nya capek nya jadi Sore. terutama pas udh nyampe rumah bapaknya. tp ternyata gagal lg.. for me feel nonton ini sama kayak nonton everything everywhere all at once. terutama di bagian akhir montage montage nya. Suka banget konsep film nya, kirain akan selesai ketika sore masuk galery. ternyata dilanjut lagi sampe gimana caranya sore bisa balik ke masa lalu. dan boom pas salaman ü´† menurut perspektif saya Sore berhasil mengubah takdir Jo dan cara mereka bertemu. karena gaya hidup jo berubah, garis takdir nya bergeser jadi cara ketemu nya juga berubah. tapi ujungnya mereka tetep ketemu. Perfect","21"
"https://www.youtube.com/@lathifahnadiah","@lathifahnadiah","1 bulan yang lalu","https://www.youtube.com/watch?v=KB6-tXqBSyk&lc=UgzbpDQPYeamoN5m3X14AaABAg","Endingnya sii yg wow banget. Bagus banget yandy nulisnya, sumpah dia dapet ide style kek gitu dari mana sii","14"
"https://www.youtube.com/@UbayMipad","@UbayMipad","1 bulan yang lalu","https://www.youtube.com/watch?v=KB6-tXqBSyk&lc=Ugyr7TSRjKfkKwbBvkl4AaABAg","Sore aoi ,bener2 bang Arya","3"
"https://www.youtube.com/@intanwidisulistya5571","@intanwidisulistya5571","1 bulan yang lalu","https://www.youtube.com/watch?v=KB6-tXqBSyk&lc=UgyBH5V72o_KNe-XFhZ4AaABAg","Sumpah keren tuh di babak awal, pss sore baru datang dia pake baju Jo tp tetep stylish yg nunjukin kalau dia emang fashion designer. Yg baju putih di yg sebut itu bahkan riknya tuh bukan rok, tapi 2 kemeja dia jadiin satu biar keliatan kaya bawahan 
Wardrobenya keren siih","3"
"https://www.youtube.com/@sabilarahmadita8327","@sabilarahmadita8327","1 bulan yang lalu","https://www.youtube.com/watch?v=KB6-tXqBSyk&lc=Ugy5tdtn7ULFqgWv3tp4AaABAg","Salah satu film yang happy ending tapi buat nyesek, keluar2 bioskop bengong, mikir dan nangis nya delay pas udah di luar bisokop.","3"
"https://www.youtube.com/@salsabilalarasati5497","@salsabilalarasati5497","1 bulan yang lalu","https://www.youtube.com/watch?v=KB6-tXqBSyk&lc=UgyxYKrPLx7wpOF2RQJ4AaABAg","Yang di maksud kak anty di bagian warna baju sore ganti2 pas salaman, buang rokok, dan beli buah, menurut gw itu kaya sekilas alur maju mundur. Jadi diawal waktu salaman Jo janji ikutin semua kata sore, akhirnya mereka mulai lakuin macam2 hal yg sore minta. Jadi kaya yaudah digambarin aja apa yg mereka lakuin bareng","5"
"https://www.youtube.com/@harveykinkle1747","@harveykinkle1747","1 bulan yang lalu","https://www.youtube.com/watch?v=KB6-tXqBSyk&lc=UgxuIrVTNFW0Fb2eSd94AaABAg","adegan salaman paling ajaib selama gw nonton film","5"
"https://www.youtube.com/@doagan","@doagan","1 bulan yang lalu","https://www.youtube.com/watch?v=KB6-tXqBSyk&lc=Ugw7KFU1pO6Gq6CGBcB4AaABAg","Makna dari film ini tuh , takdir bisa berubah karna ikhtiar dari dalam diri, bukan karna orang lain","3"
"https://www.youtube.com/@dragneyru6868","@dragneyru6868","1 bulan yang lalu","https://www.youtube.com/watch?v=KB6-tXqBSyk&lc=UgwFHideRIiWarG7v-N4AaABAg","Ada satu hal yang aku tangkep setelah rewatch. Yaitu kenapa malam semakin cepat. Itu karena sore mulai merubah masa depan. Dimana masa depan Jonathan tidak mati sehingga Sore tidak ke kutub utara. Artinya Sore masa depan mengkikis dirinya sendiri secara perlahan.","15"
"https://www.youtube.com/@l4w4nr3z1m","@l4w4nr3z1m","1 bulan yang lalu","https://www.youtube.com/watch?v=KB6-tXqBSyk&lc=Ugy5I-iD9vQUQt4oD6t4AaABAg","Nirina Zubir & Ringgo Agus Rahman. 
Sheila Dara & Dion Wiyoko.

Dua pasangan layar lebar yang berhasil jadi signature duo-nya Yandy Laurens. Gak cuma chemistry-nya yang kuat, tapi juga kemampuan mereka buat ngangkat emosi dari dialog sederhana sampai momen sunyi yang penuh makna. Mereka bisa lucu tanpa maksa, menghibur tanpa kehilangan kedalaman, dan yang paling penting: mereka terasa nyata. Udah kaya combo Ryan Gosling dan Emma Stone versi Indonesia. Kalau Yandy mau terus nge-cast mereka berdua sebagai duo andalannya di setiap film baru, gw siap nonton terus tanpa pikir panjang. Kombinasi ini bukan cuma enak ditonton, ini yang namanya ABSOLUTE CINEMA","147"
"https://www.youtube.com/@RandomforEntertain","@RandomforEntertain","1 bulan yang lalu","https://www.youtube.com/watch?v=KB6-tXqBSyk&lc=Ugyl9Ec4fBOXuyYkJ9Z4AaABAg","Ending nya goattt hareupeun pamajikan","5"
"https://www.youtube.com/@rezageraldi9174","@rezageraldi9174","1 bulan yang lalu","https://www.youtube.com/watch?v=KB6-tXqBSyk&lc=UgyQWgCcNBRsCkxPGh94AaABAg","penonton diajak ngerasain apa yang dirasain Sore, kebangun tiap usaha nya gagal puluhan- ratusan kali. Berasa bgt kita sebagai penonton ngerasain engap nya capek nya jadi Sore. terutama pas udh nyampe rumah bapaknya. tp ternyata gagal lg.. for me feel nonton ini sama kayak nonton everything everywhere all at once. terutama di bagian akhir montage montage nya. Suka banget konsep film nya, kirain akan selesai ketika sore masuk galery. ternyata dilanjut lagi sampe gimana caranya sore bisa balik ke masa lalu. dan boom pas salaman ü´† menurut perspektif saya Sore berhasil mengubah takdir Jo dan cara mereka bertemu. karena gaya hidup jo berubah, garis takdir nya bergeser jadi cara ketemu nya juga berubah. tapi ujungnya mereka tetep ketemu. Perfect","21"
"https://www.youtube.com/@lathifahnadiah","@lathifahnadiah","1 bulan yang lalu","https://www.youtube.com/watch?v=KB6-tXqBSyk&lc=UgzbpDQPYeamoN5m3X14AaABAg","Endingnya sii yg wow banget. Bagus banget yandy nulisnya, sumpah dia dapet ide style kek gitu dari mana sii","14"
"https://www.youtube.com/@UbayMipad","@UbayMipad","1 bulan yang lalu","https://www.youtube.com/watch?v=KB6-tXqBSyk&lc=Ugyr7TSRjKfkKwbBvkl4AaABAg","Sore aoi ,bener2 bang Arya","3"
"https://www.youtube.com/@intanwidisulistya5571","@intanwidisulistya5571","1 bulan yang lalu","https://www.youtube.com/watch?v=KB6-tXqBSyk&lc=UgyBH5V72o_KNe-XFhZ4AaABAg","Sumpah keren tuh di babak awal, pss sore baru datang dia pake baju Jo tp tetep stylish yg nunjukin kalau dia emang fashion designer. Yg baju putih di yg sebut itu bahkan riknya tuh bukan rok, tapi 2 kemeja dia jadiin satu biar keliatan kaya bawahan 
Wardrobenya keren siih","3"
"https://www.youtube.com/@sabilarahmadita8327","@sabilarahmadita8327","1 bulan yang lalu","https://www.youtube.com/watch?v=KB6-tXqBSyk&lc=Ugy5tdtn7ULFqgWv3tp4AaABAg","Salah satu film yang happy ending tapi buat nyesek, keluar2 bioskop bengong, mikir dan nangis nya delay pas udah di luar bisokop.","3"
"https://www.youtube.com/@salsabilalarasati5497","@salsabilalarasati5497","1 bulan yang lalu","https://www.youtube.com/watch?v=KB6-tXqBSyk&lc=UgyxYKrPLx7wpOF2RQJ4AaABAg","Yang di maksud kak anty di bagian warna baju sore ganti2 pas salaman, buang rokok, dan beli buah, menurut gw itu kaya sekilas alur maju mundur. Jadi diawal waktu salaman Jo janji ikutin semua kata sore, akhirnya mereka mulai lakuin macam2 hal yg sore minta. Jadi kaya yaudah digambarin aja apa yg mereka lakuin bareng","5"
"https://www.youtube.com/@harveykinkle1747","@harveykinkle1747","1 bulan yang lalu","https://www.youtube.com/watch?v=KB6-tXqBSyk&lc=UgxuIrVTNFW0Fb2eSd94AaABAg","adegan salaman paling ajaib selama gw nonton film","5"
"https://www.youtube.com/@doagan","@doagan","1 bulan yang lalu","https://www.youtube.com/watch?v=KB6-tXqBSyk&lc=Ugw7KFU1pO6Gq6CGBcB4AaABAg","Makna dari film ini tuh , takdir bisa berubah karna ikhtiar dari dalam diri, bukan karna orang lain","3"
"https://www.youtube.com/@d43imoet","@d43imoet","1 bulan yang lalu","https://www.youtube.com/watch?v=KB6-tXqBSyk&lc=Ugz0HsVWDid9M0_fRQB4AaABAg","Pas credits rolling aku speechless, trus nangis lagi pas sadar lagu So7 yg diputar. Liriknya pas, musiknya masukkk bgt. Tambah speechless bengong kagum deh setelah nonton ini. In Yandy Laurens we trust!!","4"
"https://www.youtube.com/@prasetyoputra13","@prasetyoputra13","1 bulan yang lalu","https://www.youtube.com/watch?v=KB6-tXqBSyk&lc=UgyRFIY35ZoI1G8l-Cx4AaABAg","sore ini psikopat (baik karakter maupun sutradaranya!!!), melakukan hal sama berulang berharap hasil yang  beda, ibarat baca buku yang sama berulang berharap ending yg berbeda. dibuat sesak nafas ditengah film ikut frustasi bareng sore yang terus menerus berusaha mengubah dan ikut terjebak dalam time loop, bahkan ketika terlihat akan ada jalan keluar baru, sialnya sang waktu tak semudah itu mengizinkan. adegan favorit yg mengingatkan ke kimi no nawa pas air mata sore menetes di garis waktunya jo, segala kilas balik yang mengingatkan mereka tentang segala hal yang pernah mereka usahakan tak terasa bikin mata berkaca. 
dari sisi soundtrack, dimana dibuka dengan setia pake lagunya aditya sofyan kyk seriesnya bikin mereka yg udh pernah nonton seriesnya cepet tune in kedalam suasana nostalgia dari grafitasi filmnya sambil berharap cemas apa yang beda bin baru dari film ini. untuk lagu2nya barasuara, secara subjektif lagu2 mereka dari album kedua dan ketiga itu emang terasa powerful buat jadi OST film, tp lagu yang dipilih ternyata lebih powerful lagi dimana part intro dan interlude yang ternyata cocok bgt jadi scoring babak 3 filmnya, sampai akhirnya mereka berjabat tangan bersamaan dengan dilantunkannya ""Kita kan tua dan kehilangan pegangan, lihat senyummu memberikan kekuatan, Sisa nafasku cinta tak kenal waktu"".
sungguh sebuah sinematografi penutup yang rapih, apik nan epik. melegakan bagi para penonton yang sedari tengah film ditarik kedalam keputus-asaan tokoh sore merubah apa yang diluar kuasanya, terlalu keras kepala berusaha untuk merubah sampai lupa menyentuh alasan paling kuat: cinta, perasaan mencintai dan dicintai.
10/10.","81"
"https://www.youtube.com/@ekanuraziza2815","@ekanuraziza2815","1 bulan yang lalu","https://www.youtube.com/watch?v=KB6-tXqBSyk&lc=Ugwp3jBKtCz54f5RH1x4AaABAg","Bener2 gaada plot yg terbuang, 2 jam yang tidak sia2","2"
"https://www.youtube.com/@raffirahmansyah","@raffirahmansyah","1 bulan yang lalu","https://www.youtube.com/watch?v=KB6-tXqBSyk&lc=UgxkdMnXhU40RKU7paF4AaABAg","Seru bgt nonton yapping session pasutri ini as always  ada aja cerita2 kocak","2"
"https://www.youtube.com/@RedVerse-v1v5e","@RedVerse-v1v5e","1 bulan yang lalu","https://www.youtube.com/watch?v=KB6-tXqBSyk&lc=UgzR0wae4FHCkWEYujx4AaABAg&pp=0gcJCSMANpG00pGi","Yandi laurens harus masuk Oscar ini mah wkwk","2"
"https://www.youtube.com/@ratyaekapratiwi","@ratyaekapratiwi","1 bulan yang lalu","https://www.youtube.com/watch?v=KB6-tXqBSyk&lc=Ugxutfr2w6CRRlb9vs54AaABAg","Unik banget kalian, ngespoiler sambil curhat","2"
"https://www.youtube.com/@pratitissariTIS","@pratitissariTIS","1 bulan yang lalu","https://www.youtube.com/watch?v=KB6-tXqBSyk&lc=UgwcAij8rybPUkixYhB4AaABAg","bagusss bangettt SORE ,,,","1"
"https://www.youtube.com/@achmaddairobi3634","@achmaddairobi3634","1 bulan yang lalu","https://www.youtube.com/watch?v=KB6-tXqBSyk&lc=UgzFVh0IKgKkDS0jDC94AaABAg","Terlepas dari filmnya, gw suka bgt ama poster filmnya.","6"
"https://www.youtube.com/@standardissue15","@standardissue15","1 bulan yang lalu","https://www.youtube.com/watch?v=KB6-tXqBSyk&lc=Ugzea4q2-55RwZD42OB4AaABAg","Ini film jadi Enlightenment buat saya untuk memulai hidup sehat, dari ratusan diingatkan bahkan dari istri sendiri engga pernah cukup menyadarkan. Tapi film ini dengan sederhananya menampar kompleksitas kebebalan yang saya punya. why if dari film ini membuat saya ingin hidup lebih lama untuk istri dan menghargainya jika iapun akan melakukan hal yang sama looping in fourth dimension. Thank you Yandy Laurens!","39"
"https://www.youtube.com/@registanoviadjie3579","@registanoviadjie3579","3 minggu yang lalu","https://www.youtube.com/watch?v=KB6-tXqBSyk&lc=UgwczL2simqZNLD3o_54AaABAg","Sebagai alumni Lovely Runner, suka banget sama Sore. Kerasa bgt gmn stressnya sore pengen nyelamatin Jo walau harus melintasi waktu berkali kali.","1"
"https://www.youtube.com/@anat1705","@anat1705","1 bulan yang lalu","https://www.youtube.com/watch?v=KB6-tXqBSyk&lc=UgzjDnmchWovBxKACah4AaABAg","Kalo ada wishlist gw yang bisa ditambahin di Sore, di point endingnya, yang seandainya bisa di prolong lagi momennya","5"
"https://www.youtube.com/@iqbalquosophy4374","@iqbalquosophy4374","1 bulan yang lalu","https://www.youtube.com/watch?v=KB6-tXqBSyk&lc=UgzL4uCUAseLfrz4DP54AaABAg&pp=0gcJCSMANpG00pGi","Sore ini mengingatkan gua sama anime Puella Magi Madoka Magica.","2"
"https://www.youtube.com/@human8137","@human8137","1 bulan yang lalu","https://www.youtube.com/watch?v=KB6-tXqBSyk&lc=Ugw4O5iRyJO60HiuTZJ4AaABAg","Suka semuanyaaa
Yang series lebih light, yang ini magical","1"
"https://www.youtube.com/@nopalahmad7425","@nopalahmad7425","1 bulan yang lalu","https://www.youtube.com/watch?v=KB6-tXqBSyk&lc=Ugx9hsgEJ42OY62rSnF4AaABAg","seperti biasa, tuhan tolong jauhkan yandy laurens dari sirkel2 toxic filmmaker","320"
"https://www.youtube.com/@leonardodikampanye7146","@leonardodikampanye7146","1 bulan yang lalu (diedit)","https://www.youtube.com/watch?v=KB6-tXqBSyk&lc=UgybAlibNIvs3sG0p8h4AaABAg","Ada rasa about time, butterfly effect, happy mondays. Mix feeling. Kaya film luar cuma mc orang indo","1"
"https://www.youtube.com/@legendmaulana4942","@legendmaulana4942","1 bulan yang lalu","https://www.youtube.com/watch?v=KB6-tXqBSyk&lc=Ugx_w9NnviYzNgOY7UR4AaABAg","Gak sabar nunggu yandi laurens bikin film horror nya MD..","1"
"https://www.youtube.com/@yoniyuniar8409","@yoniyuniar8409","1 bulan yang lalu","https://www.youtube.com/watch?v=KB6-tXqBSyk&lc=UgwmcHvdWlpTIo5W4f14AaABAg","Juara sih...memanjakan mata...layak masuk nominee","1"
"https://www.youtube.com/@iqbalmhd_","@iqbalmhd_","1 bulan yang lalu","https://www.youtube.com/watch?v=KB6-tXqBSyk&lc=UgxJ_3N3yaBer3y47wp4AaABAg","ini film beberapa menit awalnya lambat banget, tapi sampe scene yg jo sama marko di bar terus bartender nya bilang ""hbd jo"" kemudian marko bangun dan bilang ""oh ini hari ulang tahun mu, lalu meluk si jo"" bagi aku yg gapernah di rayakan hari lahirnya itu udah buat sedih

terus scene dimana sore bilang ""lah kok ngulang lagi sih, kan aku belum bilang"" itu yg kaya kita kecewa pas ngerjain sesuatu yg kita pikir sudah sesuai dng cara kerjanya eh ternyata di akhir salah

buat aku yg jarang nonton sekalinya nonton begini rasanya itu mix feelings apalagi pas yg berkali kali itu rasanya capee banget, kaya oi jo nurut aja gaksih kasian sore noh

overrall aku suka bnget sama film nyaa","2"
"https://www.youtube.com/@nurrahmahk4481","@nurrahmahk4481","1 bulan yang lalu","https://www.youtube.com/watch?v=KB6-tXqBSyk&lc=Ugy5F8-jex1wPvmK8ZF4AaABAg","Finally review film SORE yg ditunggu-tunggu","4"
"https://www.youtube.com/@giosilva2299","@giosilva2299","1 bulan yang lalu","https://www.youtube.com/watch?v=KB6-tXqBSyk&lc=Ugw9vX51hslRuZTvUW14AaABAg&pp=0gcJCSMANpG00pGi","Feelingnya mirip"" lovely runner, tapi yang ini lebih dalam perasaannya","3"
"https://www.youtube.com/@ekanuraziza2815","@ekanuraziza2815","1 bulan yang lalu","https://www.youtube.com/watch?v=KB6-tXqBSyk&lc=Ugwp3jBKtCz54f5RH1x4AaABAg","Bener2 gaada plot yg terbuang, 2 jam yang tidak sia2","2"
"https://www.youtube.com/@raffirahmansyah","@raffirahmansyah","1 bulan yang lalu","https://www.youtube.com/watch?v=KB6-tXqBSyk&lc=UgxkdMnXhU40RKU7paF4AaABAg","Seru bgt nonton yapping session pasutri ini as always  ada aja cerita2 kocak","2"
"https://www.youtube.com/@RedVerse-v1v5e","@RedVerse-v1v5e","1 bulan yang lalu","https://www.youtube.com/watch?v=KB6-tXqBSyk&lc=UgzR0wae4FHCkWEYujx4AaABAg&pp=0gcJCSMANpG00pGi","Yandi laurens harus masuk Oscar ini mah wkwk","2"
"https://www.youtube.com/@ratyaekapratiwi","@ratyaekapratiwi","1 bulan yang lalu","https://www.youtube.com/watch?v=KB6-tXqBSyk&lc=Ugxutfr2w6CRRlb9vs54AaABAg","Unik banget kalian, ngespoiler sambil curhat","2"
"https://www.youtube.com/@pratitissariTIS","@pratitissariTIS","1 bulan yang lalu","https://www.youtube.com/watch?v=KB6-tXqBSyk&lc=UgwcAij8rybPUkixYhB4AaABAg","bagusss bangettt SORE ,,,","1"
"https://www.youtube.com/@achmaddairobi3634","@achmaddairobi3634","1 bulan yang lalu","https://www.youtube.com/watch?v=KB6-tXqBSyk&lc=UgzFVh0IKgKkDS0jDC94AaABAg","Terlepas dari filmnya, gw suka bgt ama poster filmnya.","6"
"https://www.youtube.com/@standardissue15","@standardissue15","1 bulan yang lalu","https://www.youtube.com/watch?v=KB6-tXqBSyk&lc=Ugzea4q2-55RwZD42OB4AaABAg","Ini film jadi Enlightenment buat saya untuk memulai hidup sehat, dari ratusan diingatkan bahkan dari istri sendiri engga pernah cukup menyadarkan. Tapi film ini dengan sederhananya menampar kompleksitas kebebalan yang saya punya. why if dari film ini membuat saya ingin hidup lebih lama untuk istri dan menghargainya jika iapun akan melakukan hal yang sama looping in fourth dimension. Thank you Yandy Laurens!","39"
"https://www.youtube.com/@registanoviadjie3579","@registanoviadjie3579","3 minggu yang lalu","https://www.youtube.com/watch?v=KB6-tXqBSyk&lc=UgwczL2simqZNLD3o_54AaABAg","Sebagai alumni Lovely Runner, suka banget sama Sore. Kerasa bgt gmn stressnya sore pengen nyelamatin Jo walau harus melintasi waktu berkali kali.","1"
"https://www.youtube.com/@anat1705","@anat1705","1 bulan yang lalu","https://www.youtube.com/watch?v=KB6-tXqBSyk&lc=UgzjDnmchWovBxKACah4AaABAg","Kalo ada wishlist gw yang bisa ditambahin di Sore, di point endingnya, yang seandainya bisa di prolong lagi momennya","5"
"https://www.youtube.com/@iqbalquosophy4374","@iqbalquosophy4374","1 bulan yang lalu","https://www.youtube.com/watch?v=KB6-tXqBSyk&lc=UgzL4uCUAseLfrz4DP54AaABAg&pp=0gcJCSMANpG00pGi","Sore ini mengingatkan gua sama anime Puella Magi Madoka Magica.","2"
"https://www.youtube.com/@human8137","@human8137","1 bulan yang lalu","https://www.youtube.com/watch?v=KB6-tXqBSyk&lc=Ugw4O5iRyJO60HiuTZJ4AaABAg","Suka semuanyaaa
Yang series lebih light, yang ini magical","1"
"https://www.youtube.com/@nopalahmad7425","@nopalahmad7425","1 bulan yang lalu","https://www.youtube.com/watch?v=KB6-tXqBSyk&lc=Ugx9hsgEJ42OY62rSnF4AaABAg","seperti biasa, tuhan tolong jauhkan yandy laurens dari sirkel2 toxic filmmaker","320"
"https://www.youtube.com/@leonardodikampanye7146","@leonardodikampanye7146","1 bulan yang lalu (diedit)","https://www.youtube.com/watch?v=KB6-tXqBSyk&lc=UgybAlibNIvs3sG0p8h4AaABAg","Ada rasa about time, butterfly effect, happy mondays. Mix feeling. Kaya film luar cuma mc orang indo","1"
"https://www.youtube.com/@legendmaulana4942","@legendmaulana4942","1 bulan yang lalu","https://www.youtube.com/watch?v=KB6-tXqBSyk&lc=Ugx_w9NnviYzNgOY7UR4AaABAg","Gak sabar nunggu yandi laurens bikin film horror nya MD..","1"
"https://www.youtube.com/@yoniyuniar8409","@yoniyuniar8409","1 bulan yang lalu","https://www.youtube.com/watch?v=KB6-tXqBSyk&lc=UgwmcHvdWlpTIo5W4f14AaABAg","Juara sih...memanjakan mata...layak masuk nominee","1"
"https://www.youtube.com/@iqbalmhd_","@iqbalmhd_","1 bulan yang lalu","https://www.youtube.com/watch?v=KB6-tXqBSyk&lc=UgxJ_3N3yaBer3y47wp4AaABAg","ini film beberapa menit awalnya lambat banget, tapi sampe scene yg jo sama marko di bar terus bartender nya bilang ""hbd jo"" kemudian marko bangun dan bilang ""oh ini hari ulang tahun mu, lalu meluk si jo"" bagi aku yg gapernah di rayakan hari lahirnya itu udah buat sedih

terus scene dimana sore bilang ""lah kok ngulang lagi sih, kan aku belum bilang"" itu yg kaya kita kecewa pas ngerjain sesuatu yg kita pikir sudah sesuai dng cara kerjanya eh ternyata di akhir salah

buat aku yg jarang nonton sekalinya nonton begini rasanya itu mix feelings apalagi pas yg berkali kali itu rasanya capee banget, kaya oi jo nurut aja gaksih kasian sore noh

overrall aku suka bnget sama film nyaa","2"
"https://www.youtube.com/@nurrahmahk4481","@nurrahmahk4481","1 bulan yang lalu","https://www.youtube.com/watch?v=KB6-tXqBSyk&lc=Ugy5F8-jex1wPvmK8ZF4AaABAg","Finally review film SORE yg ditunggu-tunggu","4"
"https://www.youtube.com/@giosilva2299","@giosilva2299","1 bulan yang lalu","https://www.youtube.com/watch?v=KB6-tXqBSyk&lc=Ugw9vX51hslRuZTvUW14AaABAg&pp=0gcJCSMANpG00pGi","Feelingnya mirip"" lovely runner, tapi yang ini lebih dalam perasaannya","3"
"https://www.youtube.com/@alazanaa","@alazanaa","1 bulan yang lalu","https://www.youtube.com/watch?v=KB6-tXqBSyk&lc=Ugyk8RiWuG0rC_k-9ax4AaABAg&pp=0gcJCSMANpG00pGi","Baru pulang dari bioskop, capek nangis","1"
"https://www.youtube.com/@zidanbalfas8941","@zidanbalfas8941","1 bulan yang lalu","https://www.youtube.com/watch?v=KB6-tXqBSyk&lc=UgzYVXXS981X9JF6hlV4AaABAg","Soundtrack dr barasuara terbaikkk","2"
"https://www.youtube.com/@fazaraufa","@fazaraufa","1 bulan yang lalu","https://www.youtube.com/watch?v=KB6-tXqBSyk&lc=UgwehcN3ikwFqsuqiY14AaABAg","Serius menyampaikan cerita mas Yandy mah, keren bgtt",""
"https://www.youtube.com/@farahshna","@farahshna","1 bulan yang lalu","https://www.youtube.com/watch?v=KB6-tXqBSyk&lc=UgxZ-pXfsRgZzqnygWd4AaABAg","baru kali ini kelar nonton filem langsung tepuk tangan! bareng penonton¬≤ lain, saking bagusnyaaa :""""')

dulu suka banget sama seriesnyaa, diulang-ulang, sampe hari ini ga bosen nonton lagi, udah khawatir nanti bisa ga ya filemnya sebagus seriesnya, ternyata wowww bagus bangettt.. series dan filemnya sama¬≤ bagus","3"
"https://www.youtube.com/@admitNothing","@admitNothing","1 bulan yang lalu","https://www.youtube.com/watch?v=KB6-tXqBSyk&lc=UgxN6rvC_doBSxv4kMR4AaABAg&pp=0gcJCSMANpG00pGi","SUMPAH BAGUS BGTTT WOEEE","2"
"https://www.youtube.com/@AnakBentengChannel","@AnakBentengChannel","1 bulan yang lalu","https://www.youtube.com/watch?v=KB6-tXqBSyk&lc=UgyEb4jjqYiCRoLSRtN4AaABAg","kalimat endingnya","1"
"https://www.youtube.com/@AdrianLukita","@AdrianLukita","1 bulan yang lalu (diedit)","https://www.youtube.com/watch?v=KB6-tXqBSyk&lc=UgxWHiJh_c4YcfFzSxl4AaABAg","Ceritanya mirip banget sama komik/manga berjudul Re:Marina.","2"
"https://www.youtube.com/@PegasusRentingSolution","@PegasusRentingSolution","1 bulan yang lalu","https://www.youtube.com/watch?v=KB6-tXqBSyk&lc=Ugx5Pj8JjHR293A1H3t4AaABAg&pp=0gcJCSMANpG00pGi","Kalau menurut aku, timeline Sore dan Jonathan berubah waktu ketemuannya dikarenakan adanya perubahan dalam diri Jonathan. jadi jika adanya keputusan yang diambil dari seseorang manusia bisa mengubah alur waktu dan tempat. Namun yang namanya jodoh, akan tetap ketemu walau di tempat yang berbeda.","7"
"https://www.youtube.com/@LopiXobra","@LopiXobra","1 bulan yang lalu","https://www.youtube.com/watch?v=KB6-tXqBSyk&lc=UgzzZRflBw3IqObo2Jd4AaABAg","Semakin menegaskan lg Yandy Laurens adalah sutradara favorit saya...",""
"https://www.youtube.com/@milaantikasari1337","@milaantikasari1337","1 bulan yang lalu","https://www.youtube.com/watch?v=KB6-tXqBSyk&lc=UgxsasEb3rCxbZBxHzN4AaABAg","pokonya kl udah yandy laurens, percaya aja","1"
"https://www.youtube.com/@visualvictim7411","@visualvictim7411","1 bulan yang lalu","https://www.youtube.com/watch?v=KB6-tXqBSyk&lc=UgzUJ2XZ1oOjJrmQb494AaABAg","Semoga series janji juga dibuatin versi filmnya","3"
"https://www.youtube.com/@GilangRizkyR","@GilangRizkyR","1 bulan yang lalu","https://www.youtube.com/watch?v=KB6-tXqBSyk&lc=Ugydh9eiEAvXQtiJOZ94AaABAg","GILA INI FILM BAGUS BANGET GAK NGERTI LAGI. rasanya hampir seumur hidup belum pernah nonton film sedalam ini, sekompleks ini selain dari anime. ya ampun mas yandy laurens beneran harta indonesia.","3"
"https://www.youtube.com/@Movietology-p9w","@Movietology-p9w","1 bulan yang lalu","https://www.youtube.com/watch?v=KB6-tXqBSyk&lc=Ugyc0FaS01jK18ObbG14AaABAg","Dari beberapa series tropicana slim, yandi memang sangatt bahayaaa dan sejak saat series itu gw langsung follow IG dia,","2"
"https://www.youtube.com/@bennyindie1993","@bennyindie1993","1 bulan yang lalu","https://www.youtube.com/watch?v=KB6-tXqBSyk&lc=UgwMltN3w-nxelAywZF4AaABAg","Jatuh cinta ama SORE.. struggling nya buat berjuang dalam time traveler bikin kita yg nonton salud campur capek tapi iri karna sebegitu kuatnya cinta dia terhadap Jonathan... ü•π Terlalu keren ini pokonya","3"
"https://www.youtube.com/@Lady_onfire","@Lady_onfire","3 minggu yang lalu","https://www.youtube.com/watch?v=KB6-tXqBSyk&lc=UgyGra5DymhWpw0GZcl4AaABAg","Setelah menunda nonton sore karena satu dan lain hal akhirnya hari ini nonton juga, tanpa liat review atau spoiler dan menurut ku emang bagus banget dari sinematografi, scoring, acting semua nya bagus bgt gila, dari film ini aku jadi inget kata mas yandy di salah satu podcast kalo ga salah, ""banyak orang yang bilang ‚Äúaku cinta banget sama kamu, aku rela mati buat kamu‚Äù padahal lebih susah ‚Äúaku cinta banget sama kamu, aku rela hidup buat kamu‚Äù"" ngena banget sih itu. In Yandy absolute cinema Laurens we trust.

Review ini juga asik bgt di tonton karena di balut bumbu2 rumah tangga wkwkwk","1"
"https://www.youtube.com/@SamwiseGamgee89","@SamwiseGamgee89","1 bulan yang lalu","https://www.youtube.com/watch?v=KB6-tXqBSyk&lc=Ugy3qw20X32dtaxrkNV4AaABAg","Saya suka huru-hara iniii","3"
"https://www.youtube.com/@bitsolight","@bitsolight","1 bulan yang lalu","https://www.youtube.com/watch?v=KB6-tXqBSyk&lc=UgygGOABFuzNsGxreFp4AaABAg","mengutip kata2 ko yandy di salah satu interview terbaru, bener inti dari cerita ini adalah penerimaan. penerimaan istri terhadap kondisi suami, dan juga penerimaan org yg ditinggalkan terhadap takdirnya",""
"https://www.youtube.com/@chrisyoung1576","@chrisyoung1576","1 bulan yang lalu","https://www.youtube.com/watch?v=KB6-tXqBSyk&lc=UgyShhnyLyXiQuXReVJ4AaABAg","cobalah nonton ini","1"
"https://www.youtube.com/@alyanoafghani8829","@alyanoafghani8829","1 bulan yang lalu","https://www.youtube.com/watch?v=KB6-tXqBSyk&lc=UgzmH3wgVZDk9vWTRDp4AaABAg","ini aih kayanya bakal panen piala citra. mudah2an dari segi penyutradaraan dan skenario, bonus juga kalau dapat utk aktor dan aktris terbaik.","2"
"https://www.youtube.com/@nuraframad","@nuraframad","1 bulan yang lalu","https://www.youtube.com/watch?v=KB6-tXqBSyk&lc=UgzMkQjt3O3KGNCkHcl4AaABAg","setuju, kekurangannya ga mempengaruhi kebagusan dari film ini yang udah dibangun dari awal. Yandy Laurens berhasil bikin kita takjub setelah nonton, bener bener sutradara yang harus tetap bertahan di dunia perfilman Indonesia, big applause for him","61"
"https://www.youtube.com/@AnakBentengChannel","@AnakBentengChannel","1 bulan yang lalu","https://www.youtube.com/watch?v=KB6-tXqBSyk&lc=UgyEb4jjqYiCRoLSRtN4AaABAg","kalimat endingnya","1"
"https://www.youtube.com/@LopiXobra","@LopiXobra","1 bulan yang lalu","https://www.youtube.com/watch?v=KB6-tXqBSyk&lc=UgzzZRflBw3IqObo2Jd4AaABAg","Semakin menegaskan lg Yandy Laurens adalah sutradara favorit saya...",""
"https://www.youtube.com/@milaantikasari1337","@milaantikasari1337","1 bulan yang lalu","https://www.youtube.com/watch?v=KB6-tXqBSyk&lc=UgxsasEb3rCxbZBxHzN4AaABAg","pokonya kl udah yandy laurens, percaya aja","1"
"https://www.youtube.com/@visualvictim7411","@visualvictim7411","1 bulan yang lalu","https://www.youtube.com/watch?v=KB6-tXqBSyk&lc=UgzUJ2XZ1oOjJrmQb494AaABAg","Semoga series janji juga dibuatin versi filmnya","3"
"https://www.youtube.com/@GilangRizkyR","@GilangRizkyR","1 bulan yang lalu","https://www.youtube.com/watch?v=KB6-tXqBSyk&lc=Ugydh9eiEAvXQtiJOZ94AaABAg","GILA INI FILM BAGUS BANGET GAK NGERTI LAGI. rasanya hampir seumur hidup belum pernah nonton film sedalam ini, sekompleks ini selain dari anime. ya ampun mas yandy laurens beneran harta indonesia.","3"
"https://www.youtube.com/@Movietology-p9w","@Movietology-p9w","1 bulan yang lalu","https://www.youtube.com/watch?v=KB6-tXqBSyk&lc=Ugyc0FaS01jK18ObbG14AaABAg","Dari beberapa series tropicana slim, yandi memang sangatt bahayaaa dan sejak saat series itu gw langsung follow IG dia,","2"
"https://www.youtube.com/@bennyindie1993","@bennyindie1993","1 bulan yang lalu","https://www.youtube.com/watch?v=KB6-tXqBSyk&lc=UgwMltN3w-nxelAywZF4AaABAg","Jatuh cinta ama SORE.. struggling nya buat berjuang dalam time traveler bikin kita yg nonton salud campur capek tapi iri karna sebegitu kuatnya cinta dia terhadap Jonathan... ü•π Terlalu keren ini pokonya","3"
"https://www.youtube.com/@Lady_onfire","@Lady_onfire","3 minggu yang lalu","https://www.youtube.com/watch?v=KB6-tXqBSyk&lc=UgyGra5DymhWpw0GZcl4AaABAg","Setelah menunda nonton sore karena satu dan lain hal akhirnya hari ini nonton juga, tanpa liat review atau spoiler dan menurut ku emang bagus banget dari sinematografi, scoring, acting semua nya bagus bgt gila, dari film ini aku jadi inget kata mas yandy di salah satu podcast kalo ga salah, ""banyak orang yang bilang ‚Äúaku cinta banget sama kamu, aku rela mati buat kamu‚Äù padahal lebih susah ‚Äúaku cinta banget sama kamu, aku rela hidup buat kamu‚Äù"" ngena banget sih itu. In Yandy absolute cinema Laurens we trust.

Review ini juga asik bgt di tonton karena di balut bumbu2 rumah tangga wkwkwk","1"
"https://www.youtube.com/@SamwiseGamgee89","@SamwiseGamgee89","1 bulan yang lalu","https://www.youtube.com/watch?v=KB6-tXqBSyk&lc=Ugy3qw20X32dtaxrkNV4AaABAg","Saya suka huru-hara iniii","3"
"https://www.youtube.com/@bitsolight","@bitsolight","1 bulan yang lalu","https://www.youtube.com/watch?v=KB6-tXqBSyk&lc=UgygGOABFuzNsGxreFp4AaABAg","mengutip kata2 ko yandy di salah satu interview terbaru, bener inti dari cerita ini adalah penerimaan. penerimaan istri terhadap kondisi suami, dan juga penerimaan org yg ditinggalkan terhadap takdirnya",""
"https://www.youtube.com/@chrisyoung1576","@chrisyoung1576","1 bulan yang lalu","https://www.youtube.com/watch?v=KB6-tXqBSyk&lc=UgyShhnyLyXiQuXReVJ4AaABAg","cobalah nonton ini","1"
"https://www.youtube.com/@alyanoafghani8829","@alyanoafghani8829","1 bulan yang lalu","https://www.youtube.com/watch?v=KB6-tXqBSyk&lc=UgzmH3wgVZDk9vWTRDp4AaABAg","ini aih kayanya bakal panen piala citra. mudah2an dari segi penyutradaraan dan skenario, bonus juga kalau dapat utk aktor dan aktris terbaik.","2"
"https://www.youtube.com/@nuraframad","@nuraframad","1 bulan yang lalu","https://www.youtube.com/watch?v=KB6-tXqBSyk&lc=UgzMkQjt3O3KGNCkHcl4AaABAg","setuju, kekurangannya ga mempengaruhi kebagusan dari film ini yang udah dibangun dari awal. Yandy Laurens berhasil bikin kita takjub setelah nonton, bener bener sutradara yang harus tetap bertahan di dunia perfilman Indonesia, big applause for him","61"
"https://www.youtube.com/@bagascahyo6785","@bagascahyo6785","1 bulan yang lalu","https://www.youtube.com/watch?v=KB6-tXqBSyk&lc=Ugyrhel5htX5Fj_4HXl4AaABAg","setelah keluar bioskop sih terasa biasa, karna secara garis besar nya gak ngena di aku 
tapi esok nya dan lusanya jadi kepikiran dan malah sukak sama shiela dara nya, T_T rasanya tipis tapi membekas di hati pas nonton. dan juga film nya indah banget 
dialog nya, peristiwa nya nyambung dan terkesan natural","2"
"https://www.youtube.com/@pipitsugi","@pipitsugi","1 bulan yang lalu","https://www.youtube.com/watch?v=KB6-tXqBSyk&lc=Ugw104E_doeKYp1Cq594AaABAg&pp=0gcJCSMANpG00pGi","filmnya cantik banget",""
"https://www.youtube.com/@Mochammadx","@Mochammadx","1 bulan yang lalu","https://www.youtube.com/watch?v=KB6-tXqBSyk&lc=Ugy3LnQuHzXrwu8OROx4AaABAg","Kritik2 yang ngasi tau kelemahan film ini sebenernya valid, soal ending aku juga sepakat, tapi sepakat sama Aria dan istri bahwa itu gak ngurangi keindahan filmnya","5"
"https://www.youtube.com/@maulanahsaputra1851","@maulanahsaputra1851","1 bulan yang lalu","https://www.youtube.com/watch?v=KB6-tXqBSyk&lc=UgykVr_19ekHIU5Ed554AaABAg","Akhirnya review","2"
"https://www.youtube.com/@CrazyLion-no7ll","@CrazyLion-no7ll","1 bulan yang lalu","https://www.youtube.com/watch?v=KB6-tXqBSyk&lc=Ugz1yqtGsLmknhgdBLh4AaABAg","Semoga next series mengakhiri cinta dalam 3 episode juga dibuat versi filmnya juga itu juga bagus sih","1"
"https://www.youtube.com/@kazukinakamoto7650","@kazukinakamoto7650","1 bulan yang lalu","https://www.youtube.com/watch?v=KB6-tXqBSyk&lc=Ugzaa2Gn7zPXSbN4ExN4AaABAg","Review film 
Review pasangan ‚óé","2"
"https://www.youtube.com/@pyupyuuuu","@pyupyuuuu","1 bulan yang lalu","https://www.youtube.com/watch?v=KB6-tXqBSyk&lc=UgwziJs0LjE1iXc17GR4AaABAg","A time called you","3"
"https://www.youtube.com/@huahuahua280","@huahuahua280","1 bulan yang lalu","https://www.youtube.com/watch?v=KB6-tXqBSyk&lc=UgwWzKRmToX3zcWDfrx4AaABAg","jadi inget drama someday or one day.  kuncinya emang harus ikhlas ga melawan waktu",""
"https://www.youtube.com/@salsabilalarasati5497","@salsabilalarasati5497","1 bulan yang lalu","https://www.youtube.com/watch?v=KB6-tXqBSyk&lc=Ugxm--QzZRAyCWqrLNx4AaABAg","Sebagai fans sore (series dan film), fans sheila, dion, dan yandy, here's ny opinion.

Sore versi series itu pembawaan nya hepi kiyowo kaya orang lagi jatuh cinta dengan kata2 yg manis2 seperti omongan jo :)
Sore versi film lebih dewasa sesuai yg yandy bilang, lebih realistis, lebih bermakna, dan banjir air mata. 
Menurut gw, kalo ada yg belum nonton series malah mendingan nonton filmnya dulu, karena setelah nonton film mood nya sedih gitu dan setelah nonton series mood happy. 

Satu lagi, ini pendapat pribadi.  scene ending pertemuan mereka di real life itu sheila bener2 mirip tika bravani, disatu sisi buat org yg udh nonton atau pecinta series nya pasti bakal nostalgik banget, disisi lain kalo gw memposisikan sbg org yg blum nonton series nya, style sore disitu agak kurang pas dengan style sore selama di film. Jadi spt nya better kalo style sore disesuaikan dengan tampilan sepanjang film suapaya feel nya lebih berasa, karena dititik ini cerita di film dan series nya udh beda. Atau mungkin karena setting waktunya udh beberapa tahun lalu sebelum mereka nikah (pertemuan pertama) jadi sengaja dibikin beda stylenya. 

Overall, love this movie sooo much. They deserve piala citra di karegori apapun khususnya sheila as best actress and sore itself as best movie.","4"
"https://www.youtube.com/@rizkyramadhan7645","@rizkyramadhan7645","1 bulan yang lalu","https://www.youtube.com/watch?v=KB6-tXqBSyk&lc=UgyQomPPULAuxZJjcsR4AaABAg","Keren Yandi",""
"https://www.youtube.com/@MuhammadIchsan-jy6cp","@MuhammadIchsan-jy6cp","1 bulan yang lalu","https://www.youtube.com/watch?v=KB6-tXqBSyk&lc=UgyPb489L-pJJ76CdRV4AaABAg","Gw suka banget di klimaksnya .....

Karena klimaksnya waktu di galeri itu yang trus kayak scene scene flasback itu bagusss banget, karena Gw langsung ingey TWILIGHT : BREAKING DAWN PART II waktu vision si Allice Cullen ( wahhhh itu keren banget ) ....

Udeh gitu langsung ditutup dengan HINGGA UJUNG WAKTUNYA SHEILA ON 7 ......  wahhhhhh ""nendang banget""","3"
"https://www.youtube.com/@mbahcaxil","@mbahcaxil","1 bulan yang lalu","https://www.youtube.com/watch?v=KB6-tXqBSyk&lc=Ugw-cvERs7-TpjKPhGN4AaABAg","Sudah pernah nonton seriesnya dan sangat puas nonton filmnya. Kayanya si kalo mau nonton keduanya mending series dulu baru film layar lebarnya. Di film ini selain emosi-nya kerasa bgt sampe ngerasain nyeseknya paling suka justru di poin akhir; ketika segala upaya sudah dilakukan sampai pada titik benar2 merelakan, perubahan itu akhirnya hadir dengan sendirinya dan tidak dipaksakan. Semua pihak sembuh dari lukanya masing-masing dengan jalannya sendiri, sesuai kehendaknya sendiri. Itulah yang kemudian membuat 'sang waktu' menyatukan keduanya dengan garis cerita yang berbeda diberi bonus semua perasaan yang pernah ada.

Suka bgt film Indonesia bisa menghadirkan masterpiece baru. Keluar bioskop jalan di lorong iklannya film horor semua ahh...","3"
"https://www.youtube.com/@miguelkosasih9749","@miguelkosasih9749","1 bulan yang lalu (diedit)","https://www.youtube.com/watch?v=KB6-tXqBSyk&lc=UgwDj1LfX8nYibOP4094AaABAg","Bagus kyk a mix between the time traveller‚Äôs wife sama betore sunset‚Ä¶ scenery/spot2 shootnya keren‚Ä¶ warna sama editing keren.. dialog keren.. sheila ngomong kroat keren.. kritik kecil paling endingnya.. mnrt gw ga perlu tu pas salaman di art gallery flashback2an gitu‚Ä¶ bakal lebih keren kalau saling baru kenal disitu tapi kyk ada chemistry/love at first sight udah cut scene disitu.. sama kyk before sunset.. baby ur gonna miss ur flight.. si cowok.. yeah i know.. lebih kena kalau begini.. untuk standard film luar.. 7,5/10 .. untuk standard film indo 9/10",""
"https://www.youtube.com/@asei2177","@asei2177","1 bulan yang lalu","https://www.youtube.com/watch?v=KB6-tXqBSyk&lc=UgzM7EtC28qqGSIib1t4AaABAg&pp=0gcJCSMANpG00pGi","SORE IDAMAN","1"
"https://www.youtube.com/@cln20","@cln20","1 bulan yang lalu","https://www.youtube.com/watch?v=KB6-tXqBSyk&lc=UgzRbfTxEQQZKuC2ZIh4AaABAg&pp=0gcJCSMANpG00pGi","Gw pulcep dri kantor krna mau nnton ini pulang malem tpi gk nyesel samsek terpuaskan meskipun capek tpi fresh aja jiwa gw setelah nnton sore terlepas dri penilaian pro kontra yaa","2"
"https://www.youtube.com/@gramsci1245","@gramsci1245","1 bulan yang lalu (diedit)","https://www.youtube.com/watch?v=KB6-tXqBSyk&lc=UgwnUIoAC-G1wMQpOo94AaABAg","maka ending di pameran foto itu adalah dunia paralel dimana pengakhiran loopnya itu saat mereka jabat tangan dunia 1 jo janji untuk ngikutitn apa kata sore, di dunia 2 untuk saat mereka kenalan  dan otomatis jo akan panjang umur,karena semaksimal apa pun usaha didunia 1 jo akan tetap mati kalau bahasanya claudia di dark series ada 1 celah yg bisa di akalin yaitu berdamai dengan bapaknya Jo tapi harus inisiatif dari Jo dengan sore hanya bisa membantu dengan clue saja,klw pernah nonton dark series enteng ajj nonton soal film dengan tema time traveller karena lebih rumit dan kompleks pembahasannya
tapi sekali lagi ini film genrenya fantasy dan romantic bukan saince fiction, ini feelnya sama kaya arrival 2016 soal penerimaan yg bikin nyesek cuma sore happy ending dan lebih related ama penonton mostly sebagian pernah ngerasain, depend individal experience. good job lah bwt sutradaranya calon raih pengharagan nih film","3"
"https://www.youtube.com/@wahyuasrori762","@wahyuasrori762","1 bulan yang lalu","https://www.youtube.com/watch?v=KB6-tXqBSyk&lc=UgwJxafNrxnZF4hzIo94AaABAg","Gue juga ngira endingnya kayak your name, bisa libih gong lagi sih","1"
"https://www.youtube.com/@ynassg","@ynassg","1 bulan yang lalu","https://www.youtube.com/watch?v=KB6-tXqBSyk&lc=Ugyps8Ger4Y7-FmhxXZ4AaABAg","kemarin malem abis nonton dan yaa menuju ending rasanya lemes, nganga speechless",""
"https://www.youtube.com/@fazaraufa","@fazaraufa","1 bulan yang lalu","https://www.youtube.com/watch?v=KB6-tXqBSyk&lc=UgzSoi_VtcyFWEg2DBp4AaABAg","Aku rasa film ini deep bgt, banyak layernya, sebagai yang belum pernah ada genre romance di idup, film ini entah kenapa bisa bikin aku berempati sedalem itu sama emosi tokohnya  ah, rasanya ingin ngulang pengalaman pertama nonton Sore","1"
"https://www.youtube.com/@yusufbhactiarofficial","@yusufbhactiarofficial","3 minggu yang lalu","https://www.youtube.com/watch?v=KB6-tXqBSyk&lc=Ugw_bg2Vm7jROkHdTVJ4AaABAg","Yandy laurens is makoto shinkai versi indonesia. Cuman live action aja","1"
"https://www.youtube.com/@maulanahsaputra1851","@maulanahsaputra1851","1 bulan yang lalu","https://www.youtube.com/watch?v=KB6-tXqBSyk&lc=UgykVr_19ekHIU5Ed554AaABAg","Akhirnya review","2"
"https://www.youtube.com/@kazukinakamoto7650","@kazukinakamoto7650","1 bulan yang lalu","https://www.youtube.com/watch?v=KB6-tXqBSyk&lc=Ugzaa2Gn7zPXSbN4ExN4AaABAg","Review film 
Review pasangan ‚óé","2"
"https://www.youtube.com/@pyupyuuuu","@pyupyuuuu","1 bulan yang lalu","https://www.youtube.com/watch?v=KB6-tXqBSyk&lc=UgwziJs0LjE1iXc17GR4AaABAg","A time called you","3"
"https://www.youtube.com/@huahuahua280","@huahuahua280","1 bulan yang lalu","https://www.youtube.com/watch?v=KB6-tXqBSyk&lc=UgwWzKRmToX3zcWDfrx4AaABAg","jadi inget drama someday or one day.  kuncinya emang harus ikhlas ga melawan waktu",""
"https://www.youtube.com/@salsabilalarasati5497","@salsabilalarasati5497","1 bulan yang lalu","https://www.youtube.com/watch?v=KB6-tXqBSyk&lc=Ugxm--QzZRAyCWqrLNx4AaABAg","Sebagai fans sore (series dan film), fans sheila, dion, dan yandy, here's ny opinion.

Sore versi series itu pembawaan nya hepi kiyowo kaya orang lagi jatuh cinta dengan kata2 yg manis2 seperti omongan jo :)
Sore versi film lebih dewasa sesuai yg yandy bilang, lebih realistis, lebih bermakna, dan banjir air mata. 
Menurut gw, kalo ada yg belum nonton series malah mendingan nonton filmnya dulu, karena setelah nonton film mood nya sedih gitu dan setelah nonton series mood happy. 

Satu lagi, ini pendapat pribadi.  scene ending pertemuan mereka di real life itu sheila bener2 mirip tika bravani, disatu sisi buat org yg udh nonton atau pecinta series nya pasti bakal nostalgik banget, disisi lain kalo gw memposisikan sbg org yg blum nonton series nya, style sore disitu agak kurang pas dengan style sore selama di film. Jadi spt nya better kalo style sore disesuaikan dengan tampilan sepanjang film suapaya feel nya lebih berasa, karena dititik ini cerita di film dan series nya udh beda. Atau mungkin karena setting waktunya udh beberapa tahun lalu sebelum mereka nikah (pertemuan pertama) jadi sengaja dibikin beda stylenya. 

Overall, love this movie sooo much. They deserve piala citra di karegori apapun khususnya sheila as best actress and sore itself as best movie.","4"
"https://www.youtube.com/@rizkyramadhan7645","@rizkyramadhan7645","1 bulan yang lalu","https://www.youtube.com/watch?v=KB6-tXqBSyk&lc=UgyQomPPULAuxZJjcsR4AaABAg","Keren Yandi",""
"https://www.youtube.com/@MuhammadIchsan-jy6cp","@MuhammadIchsan-jy6cp","1 bulan yang lalu","https://www.youtube.com/watch?v=KB6-tXqBSyk&lc=UgyPb489L-pJJ76CdRV4AaABAg","Gw suka banget di klimaksnya .....

Karena klimaksnya waktu di galeri itu yang trus kayak scene scene flasback itu bagusss banget, karena Gw langsung ingey TWILIGHT : BREAKING DAWN PART II waktu vision si Allice Cullen ( wahhhh itu keren banget ) ....

Udeh gitu langsung ditutup dengan HINGGA UJUNG WAKTUNYA SHEILA ON 7 ......  wahhhhhh ""nendang banget""","3"
"https://www.youtube.com/@mbahcaxil","@mbahcaxil","1 bulan yang lalu","https://www.youtube.com/watch?v=KB6-tXqBSyk&lc=Ugw-cvERs7-TpjKPhGN4AaABAg","Sudah pernah nonton seriesnya dan sangat puas nonton filmnya. Kayanya si kalo mau nonton keduanya mending series dulu baru film layar lebarnya. Di film ini selain emosi-nya kerasa bgt sampe ngerasain nyeseknya paling suka justru di poin akhir; ketika segala upaya sudah dilakukan sampai pada titik benar2 merelakan, perubahan itu akhirnya hadir dengan sendirinya dan tidak dipaksakan. Semua pihak sembuh dari lukanya masing-masing dengan jalannya sendiri, sesuai kehendaknya sendiri. Itulah yang kemudian membuat 'sang waktu' menyatukan keduanya dengan garis cerita yang berbeda diberi bonus semua perasaan yang pernah ada.

Suka bgt film Indonesia bisa menghadirkan masterpiece baru. Keluar bioskop jalan di lorong iklannya film horor semua ahh...","3"
"https://www.youtube.com/@miguelkosasih9749","@miguelkosasih9749","1 bulan yang lalu (diedit)","https://www.youtube.com/watch?v=KB6-tXqBSyk&lc=UgwDj1LfX8nYibOP4094AaABAg","Bagus kyk a mix between the time traveller‚Äôs wife sama betore sunset‚Ä¶ scenery/spot2 shootnya keren‚Ä¶ warna sama editing keren.. dialog keren.. sheila ngomong kroat keren.. kritik kecil paling endingnya.. mnrt gw ga perlu tu pas salaman di art gallery flashback2an gitu‚Ä¶ bakal lebih keren kalau saling baru kenal disitu tapi kyk ada chemistry/love at first sight udah cut scene disitu.. sama kyk before sunset.. baby ur gonna miss ur flight.. si cowok.. yeah i know.. lebih kena kalau begini.. untuk standard film luar.. 7,5/10 .. untuk standard film indo 9/10",""
"https://www.youtube.com/@asei2177","@asei2177","1 bulan yang lalu","https://www.youtube.com/watch?v=KB6-tXqBSyk&lc=UgzM7EtC28qqGSIib1t4AaABAg&pp=0gcJCSMANpG00pGi","SORE IDAMAN","1"
"https://www.youtube.com/@cln20","@cln20","1 bulan yang lalu","https://www.youtube.com/watch?v=KB6-tXqBSyk&lc=UgzRbfTxEQQZKuC2ZIh4AaABAg&pp=0gcJCSMANpG00pGi","Gw pulcep dri kantor krna mau nnton ini pulang malem tpi gk nyesel samsek terpuaskan meskipun capek tpi fresh aja jiwa gw setelah nnton sore terlepas dri penilaian pro kontra yaa","2"
"https://www.youtube.com/@gramsci1245","@gramsci1245","1 bulan yang lalu (diedit)","https://www.youtube.com/watch?v=KB6-tXqBSyk&lc=UgwnUIoAC-G1wMQpOo94AaABAg","maka ending di pameran foto itu adalah dunia paralel dimana pengakhiran loopnya itu saat mereka jabat tangan dunia 1 jo janji untuk ngikutitn apa kata sore, di dunia 2 untuk saat mereka kenalan  dan otomatis jo akan panjang umur,karena semaksimal apa pun usaha didunia 1 jo akan tetap mati kalau bahasanya claudia di dark series ada 1 celah yg bisa di akalin yaitu berdamai dengan bapaknya Jo tapi harus inisiatif dari Jo dengan sore hanya bisa membantu dengan clue saja,klw pernah nonton dark series enteng ajj nonton soal film dengan tema time traveller karena lebih rumit dan kompleks pembahasannya
tapi sekali lagi ini film genrenya fantasy dan romantic bukan saince fiction, ini feelnya sama kaya arrival 2016 soal penerimaan yg bikin nyesek cuma sore happy ending dan lebih related ama penonton mostly sebagian pernah ngerasain, depend individal experience. good job lah bwt sutradaranya calon raih pengharagan nih film","3"
"https://www.youtube.com/@wahyuasrori762","@wahyuasrori762","1 bulan yang lalu","https://www.youtube.com/watch?v=KB6-tXqBSyk&lc=UgwJxafNrxnZF4hzIo94AaABAg","Gue juga ngira endingnya kayak your name, bisa libih gong lagi sih","1"
"https://www.youtube.com/@ynassg","@ynassg","1 bulan yang lalu","https://www.youtube.com/watch?v=KB6-tXqBSyk&lc=Ugyps8Ger4Y7-FmhxXZ4AaABAg","kemarin malem abis nonton dan yaa menuju ending rasanya lemes, nganga speechless",""
"https://www.youtube.com/@fazaraufa","@fazaraufa","1 bulan yang lalu","https://www.youtube.com/watch?v=KB6-tXqBSyk&lc=UgzSoi_VtcyFWEg2DBp4AaABAg","Aku rasa film ini deep bgt, banyak layernya, sebagai yang belum pernah ada genre romance di idup, film ini entah kenapa bisa bikin aku berempati sedalem itu sama emosi tokohnya  ah, rasanya ingin ngulang pengalaman pertama nonton Sore","1"
"https://www.youtube.com/@yusufbhactiarofficial","@yusufbhactiarofficial","3 minggu yang lalu","https://www.youtube.com/watch?v=KB6-tXqBSyk&lc=Ugw_bg2Vm7jROkHdTVJ4AaABAg","Yandy laurens is makoto shinkai versi indonesia. Cuman live action aja","1"
"https://www.youtube.com/@FilmBagusAdalah","@FilmBagusAdalah","1 bulan yang lalu","https://www.youtube.com/watch?v=KB6-tXqBSyk&lc=UgyQXPKbfq8DdbDp2wh4AaABAg","Bagusnya berlipat-lipat dibanding web seriesnya","2"
"https://www.youtube.com/@hasannn3340","@hasannn3340","1 bulan yang lalu","https://www.youtube.com/watch?v=KB6-tXqBSyk&lc=UgwapeKeUy6OAJY5kg14AaABAg&pp=0gcJCSMANpG00pGi","habis nonton kemarin, mungkin karena hype diluarsana, jadi punya ekspetasi yang lumayan tinggi pas masuk bioskop. apalagi sutradaranya yandy yg mana ngebuat film indo terbaik sepanjang masa versiku (JCSFF). memang overall bagus filmmya, tapi entah kenapa rasa di film ini terasa tipis dibandingkan dua film yandy sebelumnya. Ada yg kurang sehingga aku sebagai penonton kurang bisa berempati sama sore dan jo, kek urgensi nya kurang tebal. Apalagi di sepertiga paruh awal film, yandy milih pendekatan yg slowburn yang menurutku seharusnya bisa diisi dengan plot2 yg bisa menambah penonton menjadi lebih sayang sama karakternya. tapi untung aja sheiladara aktingnya cukup memuaskan, kalo dion lumayan meskipun dibeberapa scene menurutku kurang bisa ngimbangi sheila. Scoring/sounddesignnya cakep banget, apalagi pas suara jantung dan waktu berdenting, gak heboh tapi on point menambah dinamika perjuangan sore melawan waktu. Ada satu OST menurutku yg gak cocok dan rasanya jomplang sama scenenya. Visual dan color grading gak usah ditanyakan lagi, ini poin tertingginya difilm ini, emang yandy jenius sih dalam hal penggambilan gambar. Yg belum nonton, ayoo nonton, jangan sampai nonton ini di layar laptop wkwwk.","7"
"https://www.youtube.com/@midnightshow5268","@midnightshow5268","1 bulan yang lalu","https://www.youtube.com/watch?v=KB6-tXqBSyk&lc=Ugzw0eWASPxnOF0ddhZ4AaABAg","waktu Pancarona - Barasuara keputer merinding nya gokillllllllll",""
"https://www.youtube.com/@fe3ch123","@fe3ch123","1 bulan yang lalu","https://www.youtube.com/watch?v=KB6-tXqBSyk&lc=Ugz3sa0xrrAdxj7DVf54AaABAg","8.5/10 suka sama ceritanya, cinematography nya, aktingnya, musiknya semua... Termasuk film yg ok tahun ini.. Must watch paham atau gak paham cerita sci-fi... Nonton aja dah pokoknya... Soalnya itu isinya kayak lukisan semua... Bagus banget pemandangannya... Sheila dara cakep bgt aktingnya... Malah q suka bgt part akhirnya... Gila bagus bgt... Dan untungnya mrk flashback gituuuu klo nggak q bisa kesel bgt sih...  Dan selesai nonton kerasa bgt seseknya... Smpe nggak branjak dr kursi... Sakit bgt jd Sore wak  dan menurutku ini gak bikin bingung sih... Bingung juga sm yg gak ngerti sm filmnya... Padahal ini ttg rasa aja... Nggak perlu dipikirkan koq bs gini koq bs gitu... Krna itulah film sci-fi","2"
"https://www.youtube.com/@edwardhandoko8657","@edwardhandoko8657","1 bulan yang lalu","https://www.youtube.com/watch?v=KB6-tXqBSyk&lc=Ugw5HFeMMXJg8XzAnTh4AaABAg","Ati-ati gaes","2"
"https://www.youtube.com/@yudiaditya4075","@yudiaditya4075","1 bulan yang lalu","https://www.youtube.com/watch?v=KB6-tXqBSyk&lc=Ugx3svzAV-ITF9Qew3p4AaABAg","Goksss","1"
"https://www.youtube.com/@SultanNaufalKamirani","@SultanNaufalKamirani","1 bulan yang lalu","https://www.youtube.com/watch?v=KB6-tXqBSyk&lc=Ugz9PxT2wH81KhNjGfx4AaABAg","Wahhh... keren banget sihhh film & webseries ""SORE-Istri dari Masa Depan"" ini 
Cerita yang bukan sekadar kisah cinta... tapi tentang waktu, pilihan, penyesalan, dan harapan.

Tiap adegannya tuh kaya ngajak mikir.
Ada makna yang nggak langsung kelihatan, tapi terasa banget buat yang peka‚Ä¶

Buat kalian yang suka cerita berlapis, yang penuh simbol & perenungan,
kalian wajib nonton ini! 

Film ini nunjukin bahwa waktu itu misteri‚Ä¶ dan kadang, yang paling kita perjuangkan justru harus kita lepaskan.
Dalem bangeeettt, ngeri, nyesek, tapi juga indah.

Pokoknya sihh‚Ä¶ recommended parah. Prepare your heart‚Ä¶ karena film ini bukan buat ditonton doang, tapi buat dirasain.","4"
"https://www.youtube.com/@tabeneru","@tabeneru","1 bulan yang lalu","https://www.youtube.com/watch?v=KB6-tXqBSyk&lc=UgybZ7-qdhAIzTs0BmZ4AaABAg&pp=0gcJCSMANpG00pGi","bener banget kata Arya, kenapa ga dibikin move on aja endingnya, jadi ngalir gitu. ntah kenapa kerasa jadi kurang aja, jd terlalu maksa. kebanting dibanding scene scene sebelumnya.

dibanding sama web seriesnya ntah kenapa lebih suka itu dibanding film panjangnya, sederhana Dan pas aja menurutku Dari akting Dan cerita.","4"
"https://www.youtube.com/@prastyo4610","@prastyo4610","1 bulan yang lalu","https://www.youtube.com/watch?v=KB6-tXqBSyk&lc=Ugw6hVEan2Wo4o-hL2B4AaABAg","diangkat dari web series dengan judul sama, ternyata makin bagus film nya gilak.
dahlah, kalo soal gambar mah gak perlu di tanya, cerita pun wah edan...
bikin nostalgia sama web series nya, dan otw balik nonton web series nya","1"
"https://www.youtube.com/@rantiamanda1342","@rantiamanda1342","1 bulan yang lalu","https://www.youtube.com/watch?v=KB6-tXqBSyk&lc=UgwMmN6gzZP-757e1814AaABAg","Menarik klo Yandy Laurens bikin film sejenis sore + 1 kakak 7 ponakan versi horor (soalnya pemeran utama di 2 film itu pd utopis green forest. Berat euy di realita wkwk)","4"
"https://www.youtube.com/@abrokenrain9519","@abrokenrain9519","1 bulan yang lalu","https://www.youtube.com/watch?v=KB6-tXqBSyk&lc=UgzTunnAUBuFa1gnmEp4AaABAg&pp=0gcJCSMANpG00pGi","Sore is a manic pixie dream girl. I wish they explore her backstory more",""
"https://www.youtube.com/@dinarta2888","@dinarta2888","1 bulan yang lalu (diedit)","https://www.youtube.com/watch?v=KB6-tXqBSyk&lc=UgxALdlWly86tan9kcp4AaABAg","mungkin time loop yang dilakukan sore ketika tidur di kapal itu cuma mimpi aja, mimpi dari rasa bersalah dia karena tidak bisa  membuat hidup jonatan menjadi lebih sehat ketika setelah nikah, sehingga dia membayangkan ""seandainya bisa kembali ke masa lalu""","2"
"https://www.youtube.com/@sonytrilaksono5654","@sonytrilaksono5654","1 bulan yang lalu","https://www.youtube.com/watch?v=KB6-tXqBSyk&lc=UgxlAvhNS_T1S3sYSRh4AaABAg","keluar dari bioskop kepala langsung pusing, gilakkkk kenapa bisa bagus bangetttt heran, Indonesia lo ini film nya bisa BAGUS BANGETTT GILAKKK","305"
"https://www.youtube.com/@VinaMalz","@VinaMalz","1 bulan yang lalu (diedit)","https://www.youtube.com/watch?v=KB6-tXqBSyk&lc=Ugz3pF3fUYa5f9do1KR4AaABAg","gw udah kayak marketing film sore dari kmren, posting sana-sini, biar bnyk yg nonton, barusan abia nonton webseries nya, gila bnyk banget yg di upgrade","3"
"https://www.youtube.com/@animo401","@animo401","1 bulan yang lalu","https://www.youtube.com/watch?v=KB6-tXqBSyk&lc=UgwP0HUe79Aa0I_zXX94AaABAg","absolute cinema",""
"https://www.youtube.com/@amrihars","@amrihars","1 bulan yang lalu","https://www.youtube.com/watch?v=KB6-tXqBSyk&lc=UgyKtVpyIkYNdBzfA7h4AaABAg","MELONGOOOO LOVELY","1"
"https://www.youtube.com/@winduvai","@winduvai","1 bulan yang lalu (diedit)","https://www.youtube.com/watch?v=KB6-tXqBSyk&lc=UgwlAfof4qZW87h6UQd4AaABAg","Film yg niat , selain syuting nya modal besar di Luar negeri Kroasia sampai ke tmpat mirip Antartika ,, Penulisan naskah nya cakep rapih dan Scoring musik pas smua pada momennya , smua acting artis 2 karakter utama gila mendalami, Endingnya puLa ada lagu Dari band Fav SheiLa On 7 dan gw langsung WOW Lirik nya cocok sama SheiLa Dara dtutup sama SheiLa On 7","6"
"https://www.youtube.com/@yusufbhactiarofficial","@yusufbhactiarofficial","3 minggu yang lalu","https://www.youtube.com/watch?v=KB6-tXqBSyk&lc=UgziVJJzqb3xjTxaub14AaABAg","Series sama film emang menunjukkan 2 karakter berbeda sih menurutku. Tapi sama sama bagus. Sorenya tika tu adem dewasa. Kalo sorenya sheila itu ada imut2 gemesnya gitu. Sukak lah aku sama sheila maupun tika","1"
"https://www.youtube.com/@surmadi_aby","@surmadi_aby","1 bulan yang lalu","https://www.youtube.com/watch?v=KB6-tXqBSyk&lc=UgxjTLJWdXQML2kJpop4AaABAg","Kayanya bukan KOI MKG neh....heeemmmmm, Artha Gading juga bukan kayanya wkwkkww","1"
"https://www.youtube.com/@Beijingboyz","@Beijingboyz","1 bulan yang lalu","https://www.youtube.com/watch?v=KB6-tXqBSyk&lc=UgyvOmVW1f3QV36hK3N4AaABAg","entah gimana endingnya kaya pengen beda dari series tp kaya agak ""yahhhh"" gitu rasanya, di series tu udah epic banget endingnya kacaw, mungkn cm ekspektasi ak yg terlalu pgn endingnya ke arah2 endingnya di series atau mungkn ada sedikit perubahan gitu di endingnya, tapi its ok semua babak filmnya tu ngerasain kemistri antara sore sama jo itu udah dari awal kata aku filmnya udah 10/10 banget, sama somehow tu kita dibuat bosen sama loopnya mulu tapi begitu dikasih adegan ""ak sore istri kamu selamanya"" beghhhh rasanya kaya plong banget gitu, dan hampir tiap scenenya tu kaya masih nempel banget di ingatan, bahagianya, marah2nya, waktu bingung, semua ekspresi tu bener2 ditampilin gitu di sini dengan proper, ya bener dengan proper dan buagus buanget indah gitu scene2nya, dan paling nyesek itu di scene sblm jabat tangan, yg sedikit menjelaskan waktu di babak pertama kok ada tetesan air tiba2 waktu liat aurora pertama, pokoknya kudu banget ntn di bioskop sih ni film buat yg belum nonton","4"
"https://www.youtube.com/@edwardhandoko8657","@edwardhandoko8657","1 bulan yang lalu","https://www.youtube.com/watch?v=KB6-tXqBSyk&lc=Ugw5HFeMMXJg8XzAnTh4AaABAg","Ati-ati gaes","2"
"https://www.youtube.com/@SultanNaufalKamirani","@SultanNaufalKamirani","1 bulan yang lalu","https://www.youtube.com/watch?v=KB6-tXqBSyk&lc=Ugz9PxT2wH81KhNjGfx4AaABAg","Wahhh... keren banget sihhh film & webseries ""SORE-Istri dari Masa Depan"" ini 
Cerita yang bukan sekadar kisah cinta... tapi tentang waktu, pilihan, penyesalan, dan harapan.

Tiap adegannya tuh kaya ngajak mikir.
Ada makna yang nggak langsung kelihatan, tapi terasa banget buat yang peka‚Ä¶

Buat kalian yang suka cerita berlapis, yang penuh simbol & perenungan,
kalian wajib nonton ini! 

Film ini nunjukin bahwa waktu itu misteri‚Ä¶ dan kadang, yang paling kita perjuangkan justru harus kita lepaskan.
Dalem bangeeettt, ngeri, nyesek, tapi juga indah.

Pokoknya sihh‚Ä¶ recommended parah. Prepare your heart‚Ä¶ karena film ini bukan buat ditonton doang, tapi buat dirasain.","4"
"https://www.youtube.com/@tabeneru","@tabeneru","1 bulan yang lalu","https://www.youtube.com/watch?v=KB6-tXqBSyk&lc=UgybZ7-qdhAIzTs0BmZ4AaABAg&pp=0gcJCSMANpG00pGi","bener banget kata Arya, kenapa ga dibikin move on aja endingnya, jadi ngalir gitu. ntah kenapa kerasa jadi kurang aja, jd terlalu maksa. kebanting dibanding scene scene sebelumnya.

dibanding sama web seriesnya ntah kenapa lebih suka itu dibanding film panjangnya, sederhana Dan pas aja menurutku Dari akting Dan cerita.","4"
"https://www.youtube.com/@prastyo4610","@prastyo4610","1 bulan yang lalu","https://www.youtube.com/watch?v=KB6-tXqBSyk&lc=Ugw6hVEan2Wo4o-hL2B4AaABAg","diangkat dari web series dengan judul sama, ternyata makin bagus film nya gilak.
dahlah, kalo soal gambar mah gak perlu di tanya, cerita pun wah edan...
bikin nostalgia sama web series nya, dan otw balik nonton web series nya","1"
"https://www.youtube.com/@rantiamanda1342","@rantiamanda1342","1 bulan yang lalu","https://www.youtube.com/watch?v=KB6-tXqBSyk&lc=UgwMmN6gzZP-757e1814AaABAg","Menarik klo Yandy Laurens bikin film sejenis sore + 1 kakak 7 ponakan versi horor (soalnya pemeran utama di 2 film itu pd utopis green forest. Berat euy di realita wkwk)","4"
"https://www.youtube.com/@abrokenrain9519","@abrokenrain9519","1 bulan yang lalu","https://www.youtube.com/watch?v=KB6-tXqBSyk&lc=UgzTunnAUBuFa1gnmEp4AaABAg&pp=0gcJCSMANpG00pGi","Sore is a manic pixie dream girl. I wish they explore her backstory more",""
"https://www.youtube.com/@dinarta2888","@dinarta2888","1 bulan yang lalu (diedit)","https://www.youtube.com/watch?v=KB6-tXqBSyk&lc=UgxALdlWly86tan9kcp4AaABAg","mungkin time loop yang dilakukan sore ketika tidur di kapal itu cuma mimpi aja, mimpi dari rasa bersalah dia karena tidak bisa  membuat hidup jonatan menjadi lebih sehat ketika setelah nikah, sehingga dia membayangkan ""seandainya bisa kembali ke masa lalu""","2"
"https://www.youtube.com/@sonytrilaksono5654","@sonytrilaksono5654","1 bulan yang lalu","https://www.youtube.com/watch?v=KB6-tXqBSyk&lc=UgxlAvhNS_T1S3sYSRh4AaABAg","keluar dari bioskop kepala langsung pusing, gilakkkk kenapa bisa bagus bangetttt heran, Indonesia lo ini film nya bisa BAGUS BANGETTT GILAKKK","305"
"https://www.youtube.com/@VinaMalz","@VinaMalz","1 bulan yang lalu (diedit)","https://www.youtube.com/watch?v=KB6-tXqBSyk&lc=Ugz3pF3fUYa5f9do1KR4AaABAg","gw udah kayak marketing film sore dari kmren, posting sana-sini, biar bnyk yg nonton, barusan abia nonton webseries nya, gila bnyk banget yg di upgrade","3"
"https://www.youtube.com/@animo401","@animo401","1 bulan yang lalu","https://www.youtube.com/watch?v=KB6-tXqBSyk&lc=UgwP0HUe79Aa0I_zXX94AaABAg","absolute cinema",""
"https://www.youtube.com/@amrihars","@amrihars","1 bulan yang lalu","https://www.youtube.com/watch?v=KB6-tXqBSyk&lc=UgyKtVpyIkYNdBzfA7h4AaABAg","MELONGOOOO LOVELY","1"
"https://www.youtube.com/@winduvai","@winduvai","1 bulan yang lalu (diedit)","https://www.youtube.com/watch?v=KB6-tXqBSyk&lc=UgwlAfof4qZW87h6UQd4AaABAg","Film yg niat , selain syuting nya modal besar di Luar negeri Kroasia sampai ke tmpat mirip Antartika ,, Penulisan naskah nya cakep rapih dan Scoring musik pas smua pada momennya , smua acting artis 2 karakter utama gila mendalami, Endingnya puLa ada lagu Dari band Fav SheiLa On 7 dan gw langsung WOW Lirik nya cocok sama SheiLa Dara dtutup sama SheiLa On 7","6"
"https://www.youtube.com/@yusufbhactiarofficial","@yusufbhactiarofficial","3 minggu yang lalu","https://www.youtube.com/watch?v=KB6-tXqBSyk&lc=UgziVJJzqb3xjTxaub14AaABAg","Series sama film emang menunjukkan 2 karakter berbeda sih menurutku. Tapi sama sama bagus. Sorenya tika tu adem dewasa. Kalo sorenya sheila itu ada imut2 gemesnya gitu. Sukak lah aku sama sheila maupun tika","1"
"https://www.youtube.com/@surmadi_aby","@surmadi_aby","1 bulan yang lalu","https://www.youtube.com/watch?v=KB6-tXqBSyk&lc=UgxjTLJWdXQML2kJpop4AaABAg","Kayanya bukan KOI MKG neh....heeemmmmm, Artha Gading juga bukan kayanya wkwkkww","1"
"https://www.youtube.com/@Beijingboyz","@Beijingboyz","1 bulan yang lalu","https://www.youtube.com/watch?v=KB6-tXqBSyk&lc=UgyvOmVW1f3QV36hK3N4AaABAg","entah gimana endingnya kaya pengen beda dari series tp kaya agak ""yahhhh"" gitu rasanya, di series tu udah epic banget endingnya kacaw, mungkn cm ekspektasi ak yg terlalu pgn endingnya ke arah2 endingnya di series atau mungkn ada sedikit perubahan gitu di endingnya, tapi its ok semua babak filmnya tu ngerasain kemistri antara sore sama jo itu udah dari awal kata aku filmnya udah 10/10 banget, sama somehow tu kita dibuat bosen sama loopnya mulu tapi begitu dikasih adegan ""ak sore istri kamu selamanya"" beghhhh rasanya kaya plong banget gitu, dan hampir tiap scenenya tu kaya masih nempel banget di ingatan, bahagianya, marah2nya, waktu bingung, semua ekspresi tu bener2 ditampilin gitu di sini dengan proper, ya bener dengan proper dan buagus buanget indah gitu scene2nya, dan paling nyesek itu di scene sblm jabat tangan, yg sedikit menjelaskan waktu di babak pertama kok ada tetesan air tiba2 waktu liat aurora pertama, pokoknya kudu banget ntn di bioskop sih ni film buat yg belum nonton","4"
"https://www.youtube.com/@akhmad_fathoni","@akhmad_fathoni","1 bulan yang lalu (diedit)","https://www.youtube.com/watch?v=KB6-tXqBSyk&lc=Ugya0lGKJI7tCSYUAGJ4AaABAg","mas yandi gk milih reference your name tp lebih milih ke reference death note","2"
"https://www.youtube.com/@zahranafisa8757","@zahranafisa8757","1 bulan yang lalu","https://www.youtube.com/watch?v=KB6-tXqBSyk&lc=UgyF0ZlzGWVk93_tjjZ4AaABAg","Kak Anthy muak dengan gombalan kak Aria is the best moment of this pasutri","51"
"https://www.youtube.com/@Alfa_kr","@Alfa_kr","1 bulan yang lalu","https://www.youtube.com/watch?v=KB6-tXqBSyk&lc=UgxzI5BM3C3MGdajtdN4AaABAg&pp=0gcJCSMANpG00pGi","Setelah nonton SORE, respon terakhir yg ada dipikiranku, ""Kasihan banget si Jonathan"".
Setelah berjabat tangan, ""kenangan"" selama time loop mereka jadi teringat. Gimana perasaan Jo teringat jutaan kali Sore mimisan dan ""meninggal"" di depannya? 

Klo dibandingkan seriesnya, adegan Jo yg membalas Sore dengan bilang, "" Aku Jonathan, suamimu dari masa depan"" itu epic sebenarnya.","89"
"https://www.youtube.com/@syahrulcahya5043","@syahrulcahya5043","1 bulan yang lalu","https://www.youtube.com/watch?v=KB6-tXqBSyk&lc=UgydE2B06dxFSk_x_DJ4AaABAg","Absolute cinema","2"
"https://www.youtube.com/@CrazyLion-no7ll","@CrazyLion-no7ll","1 bulan yang lalu","https://www.youtube.com/watch?v=KB6-tXqBSyk&lc=UgzfvlbmHUhJDpOGEWR4AaABAg","Jujur seneng banget series ini diangkat ke film sekarang krn semenjak series tayang itu bener bener gak bisa move on karena sebagus itu series ini selalu terngiang ngiang di kepala, sekarang jadi berasa nostalgia lagi nonton filmnya emang keren sih ini","1"
"https://www.youtube.com/@muhammaddanarakbar1363","@muhammaddanarakbar1363","1 bulan yang lalu","https://www.youtube.com/watch?v=KB6-tXqBSyk&lc=UgwPEWwjLFNJFYJaCQV4AaABAg","Setujuuuu kerasa sense kimi no nawa nya",""
"https://www.youtube.com/@igeskartikasari7597","@igeskartikasari7597","2 minggu yang lalu","https://www.youtube.com/watch?v=KB6-tXqBSyk&lc=UgwCRiC_Rjo0cVqBg3Z4AaABAg","Aku nonton ya malah kaya nonton vibes film about time 2013",""
"https://www.youtube.com/@claudiasanjaya382","@claudiasanjaya382","1 bulan yang lalu","https://www.youtube.com/watch?v=KB6-tXqBSyk&lc=Ugw9HxZAEk_YjNdxyF54AaABAg","Dion Wiyoko dan Sheila Dara sangat bermain apik di film ini. Chemistry mereka sangat pas dan cocok sebagai pasangan.",""
"https://www.youtube.com/@agvelfakhri6168","@agvelfakhri6168","1 bulan yang lalu","https://www.youtube.com/watch?v=KB6-tXqBSyk&lc=UgzHheQnAaECuhID9xN4AaABAg","bener bener brasa feelnya kimi no nawa njir. emg gacor referensi yandy",""
"https://www.youtube.com/@Arindautasya","@Arindautasya","1 bulan yang lalu","https://www.youtube.com/watch?v=KB6-tXqBSyk&lc=Ugw1jjEGPjG5a7ubFMB4AaABAg","Kalau dijelaskan bagaimana aturan time travelnya bagaimana mekanismenya bisa terjadi. Kerjasama dengan sang waktu bagaimana layaknya seperti di film edge of tomorrow akan lebih bagus",""
"https://www.youtube.com/@JasonLiverkusen","@JasonLiverkusen","1 bulan yang lalu","https://www.youtube.com/watch?v=KB6-tXqBSyk&lc=Ugz1mTbp11jcL_LFWLF4AaABAg&pp=0gcJCSMANpG00pGi","Mungkin Temanya Ringan Kali Ya Dion Wiyoko Easy Going Jadi Enak Dilihat Ya.","1"
"https://www.youtube.com/@agvelfakhri6168","@agvelfakhri6168","1 bulan yang lalu","https://www.youtube.com/watch?v=KB6-tXqBSyk&lc=Ugyk31DDZhMfVMqQxcZ4AaABAg","kuat kuat jonathan dah itu aja hehe",""
"https://www.youtube.com/@azistoteless","@azistoteless","1 bulan yang lalu","https://www.youtube.com/watch?v=KB6-tXqBSyk&lc=Ugxhl9D0kvnQpWXiJ714AaABAg","tatapan tidak percaya dengan kata kata yang keluar dari mulut mungil jonatan","2"
"https://www.youtube.com/@taratita7813","@taratita7813","1 bulan yang lalu","https://www.youtube.com/watch?v=KB6-tXqBSyk&lc=UgxjLy2j_7_vXjVgbqR4AaABAg","Aku lebih suka ending versi web seriesnya","1"
"https://www.youtube.com/@claudiasanjaya382","@claudiasanjaya382","1 bulan yang lalu","https://www.youtube.com/watch?v=KB6-tXqBSyk&lc=Ugyz5y6E688eASheoRV4AaABAg","Saya suka Sore dari jamannya web series. Yandy Laurens sumpah keren banget! Dan walaupun pemerannya Sore diganti tapi tetap bagus!",""
"https://www.youtube.com/@firdasalsabell6877","@firdasalsabell6877","1 bulan yang lalu","https://www.youtube.com/watch?v=KB6-tXqBSyk&lc=UgzfZPX6be37PzsDip14AaABAg","Paling seru kalau pasutri ini gelud karena film wkwkkkk",""
"https://www.youtube.com/@aM-mc3jo","@aM-mc3jo","1 bulan yang lalu","https://www.youtube.com/watch?v=KB6-tXqBSyk&lc=Ugwt-aG_DZ-InbqbeT14AaABAg&pp=0gcJCSMANpG00pGi","Ada bbrp titik sheila gesturenya mirip tika bravani","1"
"https://www.youtube.com/@hanskristian5400","@hanskristian5400","1 bulan yang lalu (diedit)","https://www.youtube.com/watch?v=KB6-tXqBSyk&lc=UgxGCeELlN2Gw6a_4MZ4AaABAg","Style nya mirip kimi no na wa","2"
"https://www.youtube.com/@aun8556","@aun8556","1 bulan yang lalu","https://www.youtube.com/watch?v=KB6-tXqBSyk&lc=UgwkConp0up-BSmLI_t4AaABAg","","2"
"https://www.youtube.com/@KhairunnisaSolihah","@KhairunnisaSolihah","1 bulan yang lalu","https://www.youtube.com/watch?v=KB6-tXqBSyk&lc=UgwYihyjH8z0jU5DjCh4AaABAg","Di series lebih sweet, lebih imbang romancenya, dan endingnya lebih masuk akal wkwk 

Kalo yg film krn ram otak ga nyampe 2gb jd keluar dr bioskop berasa ngehang otak gua","2"
"https://www.youtube.com/@claudiasanjaya382","@claudiasanjaya382","1 bulan yang lalu","https://www.youtube.com/watch?v=KB6-tXqBSyk&lc=Ugw9HxZAEk_YjNdxyF54AaABAg","Dion Wiyoko dan Sheila Dara sangat bermain apik di film ini. Chemistry mereka sangat pas dan cocok sebagai pasangan.",""
"https://www.youtube.com/@agvelfakhri6168","@agvelfakhri6168","1 bulan yang lalu","https://www.youtube.com/watch?v=KB6-tXqBSyk&lc=UgzHheQnAaECuhID9xN4AaABAg","bener bener brasa feelnya kimi no nawa njir. emg gacor referensi yandy",""
"https://www.youtube.com/@Arindautasya","@Arindautasya","1 bulan yang lalu","https://www.youtube.com/watch?v=KB6-tXqBSyk&lc=Ugw1jjEGPjG5a7ubFMB4AaABAg","Kalau dijelaskan bagaimana aturan time travelnya bagaimana mekanismenya bisa terjadi. Kerjasama dengan sang waktu bagaimana layaknya seperti di film edge of tomorrow akan lebih bagus",""
"https://www.youtube.com/@JasonLiverkusen","@JasonLiverkusen","1 bulan yang lalu","https://www.youtube.com/watch?v=KB6-tXqBSyk&lc=Ugz1mTbp11jcL_LFWLF4AaABAg&pp=0gcJCSMANpG00pGi","Mungkin Temanya Ringan Kali Ya Dion Wiyoko Easy Going Jadi Enak Dilihat Ya.","1"
"https://www.youtube.com/@agvelfakhri6168","@agvelfakhri6168","1 bulan yang lalu","https://www.youtube.com/watch?v=KB6-tXqBSyk&lc=Ugyk31DDZhMfVMqQxcZ4AaABAg","kuat kuat jonathan dah itu aja hehe",""
"https://www.youtube.com/@azistoteless","@azistoteless","1 bulan yang lalu","https://www.youtube.com/watch?v=KB6-tXqBSyk&lc=Ugxhl9D0kvnQpWXiJ714AaABAg","tatapan tidak percaya dengan kata kata yang keluar dari mulut mungil jonatan","2"
"https://www.youtube.com/@taratita7813","@taratita7813","1 bulan yang lalu","https://www.youtube.com/watch?v=KB6-tXqBSyk&lc=UgxjLy2j_7_vXjVgbqR4AaABAg","Aku lebih suka ending versi web seriesnya","1"
"https://www.youtube.com/@claudiasanjaya382","@claudiasanjaya382","1 bulan yang lalu","https://www.youtube.com/watch?v=KB6-tXqBSyk&lc=Ugyz5y6E688eASheoRV4AaABAg","Saya suka Sore dari jamannya web series. Yandy Laurens sumpah keren banget! Dan walaupun pemerannya Sore diganti tapi tetap bagus!",""
"https://www.youtube.com/@firdasalsabell6877","@firdasalsabell6877","1 bulan yang lalu","https://www.youtube.com/watch?v=KB6-tXqBSyk&lc=UgzfZPX6be37PzsDip14AaABAg","Paling seru kalau pasutri ini gelud karena film wkwkkkk",""
"https://www.youtube.com/@aM-mc3jo","@aM-mc3jo","1 bulan yang lalu","https://www.youtube.com/watch?v=KB6-tXqBSyk&lc=Ugwt-aG_DZ-InbqbeT14AaABAg&pp=0gcJCSMANpG00pGi","Ada bbrp titik sheila gesturenya mirip tika bravani","1"
"https://www.youtube.com/@hanskristian5400","@hanskristian5400","1 bulan yang lalu (diedit)","https://www.youtube.com/watch?v=KB6-tXqBSyk&lc=UgxGCeELlN2Gw6a_4MZ4AaABAg","Style nya mirip kimi no na wa","2"
"https://www.youtube.com/@aun8556","@aun8556","1 bulan yang lalu","https://www.youtube.com/watch?v=KB6-tXqBSyk&lc=UgwkConp0up-BSmLI_t4AaABAg","","2"
"https://www.youtube.com/@KhairunnisaSolihah","@KhairunnisaSolihah","1 bulan yang lalu","https://www.youtube.com/watch?v=KB6-tXqBSyk&lc=UgwYihyjH8z0jU5DjCh4AaABAg","Di series lebih sweet, lebih imbang romancenya, dan endingnya lebih masuk akal wkwk 

Kalo yg film krn ram otak ga nyampe 2gb jd keluar dr bioskop berasa ngehang otak gua","2"
"https://www.youtube.com/@mustang_nian","@mustang_nian","1 bulan yang lalu","https://www.youtube.com/watch?v=KB6-tXqBSyk&lc=Ugx3Fp-shgZVF0CwFbd4AaABAg","iya lagi","9"
"https://www.youtube.com/@yusufbhactiarofficial","@yusufbhactiarofficial","3 minggu yang lalu","https://www.youtube.com/watch?v=KB6-tXqBSyk&lc=UgyHRVi5YpsQhkGejFt4AaABAg","Nonton jessica di happy death day aja capek banget  apalagi ini sore sabar banget","1"
"https://www.youtube.com/@shaneas_ali","@shaneas_ali","1 bulan yang lalu","https://www.youtube.com/watch?v=KB6-tXqBSyk&lc=UgyQBaCEcU-zUNnx9dt4AaABAg","bisa di pack lagi sih menurut saya, kepanjangan ini 2 jam. tiap kira da ending eh masih lanjut, kena prank at least 2 kali","1"
"https://www.youtube.com/@mochammadfadly4915","@mochammadfadly4915","1 bulan yang lalu","https://www.youtube.com/watch?v=KB6-tXqBSyk&lc=UgxZuHektQTadAqQY8x4AaABAg","Yang kurang dari film sore ini cuma posternya sih. 
Padahal di film banyak gambar gambar bagus tapi kenapa posternya ga milih yg bagus & estetik ya. 
Iya posternya menceritakan tentang sore yg time loop jutaan kali tapi Kayak kurang menarik aja posternya saat diliat.","3"
"https://www.youtube.com/@komentaraja6536","@komentaraja6536","1 bulan yang lalu","https://www.youtube.com/watch?v=KB6-tXqBSyk&lc=UgyLFNZX3tCDufCaF914AaABAg","Gw pribadi, ini film indo terbaik yg pernah gw tonton !!","3"
"https://www.youtube.com/@r1r1-e3m","@r1r1-e3m","1 bulan yang lalu","https://www.youtube.com/watch?v=KB6-tXqBSyk&lc=UgzCozPk1t4E8VAKVJV4AaABAg","keluar bioskop kayak orang linglung, gue baru paham betapa mixed feelingnya film ini karena baca komentar-komentar orang disini. mixed feeling yang ga pernah gue temuin di film lain","11"
"https://www.youtube.com/@ririazissupriyadi4135","@ririazissupriyadi4135","1 bulan yang lalu","https://www.youtube.com/watch?v=KB6-tXqBSyk&lc=UgwswVl_Gc_BoxO1h7F4AaABAg","Film tema rumah tangga yg ada pelakornya bang arya kena, ini yg nggak ada pelakornya juga tetep kena  sehat2 rumah tangga kuda","1"
"https://www.youtube.com/@nilayusman","@nilayusman","1 bulan yang lalu","https://www.youtube.com/watch?v=KB6-tXqBSyk&lc=Ugy0ia1a2T9yHuOPhaR4AaABAg","Sore memberikan beberapa layer emosi yang bisa sangat relate sama orang yg ditinggal meninggal suami. Rasa sedih, frustasi,kehilangan, kesepian,keinginan untuk mereka berubah, memprotect sampai akhirnya berusaha berdamai dengan keadaan.
Keadaan yg saya rasakan , ga terasa udah 33 hari suami pergi kesang pencipta","47"
"https://www.youtube.com/@farhanara17","@farhanara17","1 bulan yang lalu","https://www.youtube.com/watch?v=KB6-tXqBSyk&lc=UgzqCZkUsd8Yv3NPNBt4AaABAg","""kuda. Ini emang harus divacum""",""
"https://www.youtube.com/@Zodimion","@Zodimion","1 bulan yang lalu (diedit)","https://www.youtube.com/watch?v=KB6-tXqBSyk&lc=Ugx94pnIgYzfHEOukY14AaABAg","menurut saya ceritanya ""Too Much"" Depressing, sampe mikir sisa berapa lama lagi film ini (Pengen cepet2 selesai), mungkin klo series lebih enak bisa nonton per episode (bisa di jeda), ketolong waktu ""Sore"" ditangkap polisi lumayan menetralisir suasana, 

andai aja ""Sore"" lagi ditengah2 gambar sunset trus dipanggil dan noleh ke kiri bakal lebih iconic karena jadi ""call back"" yang pas, 

kurang berkesan endingnya andai aja kenal, pacaran & nikah dulu lebih seru menurut saya, untung aja Ending Soundtracknya pas banget sama Filmnya jadinya bisa dimaafkan lah","1"
"https://www.youtube.com/@alwanalfians","@alwanalfians","1 bulan yang lalu","https://www.youtube.com/watch?v=KB6-tXqBSyk&lc=UgxMrRbKvCY41rxf8kl4AaABAg","lucu banget wkwkwk",""
"https://www.youtube.com/@alvianmahardika7812","@alvianmahardika7812","4 minggu yang lalu","https://www.youtube.com/watch?v=KB6-tXqBSyk&lc=UgzbDKJjPG9caXeoknl4AaABAg","Film ini memang bukan yg bisa bikin mengharu-biru berlinang air mata. Sy memang terharu dan mbr√®b√®s, tp itu wajar. Ada perasaan yg jauh lebih kuat yg saya rasakan: sesak di dada yg kuat, bahkan saat saya keluar dr bioskop. Setidaknya itu subjektivitas saya.


Apakah saya asma?","1"
"https://www.youtube.com/@Hisbullaht","@Hisbullaht","1 bulan yang lalu","https://www.youtube.com/watch?v=KB6-tXqBSyk&lc=Ugzvca4oC4vx8lSJU554AaABAg","10/10",""
"https://www.youtube.com/@pangostuds","@pangostuds","1 bulan yang lalu","https://www.youtube.com/watch?v=KB6-tXqBSyk&lc=UgwAaUl5cTg357b0vAB4AaABAg","ada moment pas mba sore ngobrol sama carlo trs kira2 dia bilang ""menurutku, teori mengenai dunia paralel adalah bentuk kesombongan manusia akan waktu. Seakan manusia benar-benar memahami dimensi waktu"" MASS yandy tlg lah suruh si ""Waktu"" biar chill dulu","17"
"https://www.youtube.com/@yourmatchaaaa","@yourmatchaaaa","1 bulan yang lalu","https://www.youtube.com/watch?v=KB6-tXqBSyk&lc=UgxBjtw1kmCPUNWL0bZ4AaABAg","Opini bang arya tentang endingnya sama bgtt kek yg aku pikirin lebih suka kl ada momen ‚Äúclick‚Äù pas mereka ketemu drpd diingetin sama kejadian2 yg udh beralu","5"
"https://www.youtube.com/@ernasulis4275","@ernasulis4275","1 bulan yang lalu","https://www.youtube.com/watch?v=KB6-tXqBSyk&lc=Ugxlw8WbZVu9dDMqk1p4AaABAg","Mbak nya sekilas mirip Hesti Purwadinata","1"
"https://www.youtube.com/@antjeasmahan1099","@antjeasmahan1099","1 bulan yang lalu","https://www.youtube.com/watch?v=KB6-tXqBSyk&lc=UgwO-Cye_D5TjyqB_fF4AaABAg","Terlalu banyak timeline, menurut sy sih terlalu berani Film Indonesia utk jenis ini. . Salut juga sih. Penasaran brp juta nih penontonnya.","1"
"https://www.youtube.com/@bloodyscythe77","@bloodyscythe77","1 bulan yang lalu","https://www.youtube.com/watch?v=KB6-tXqBSyk&lc=Ugxq5e9FYCTB052D6cl4AaABAg","Eeeh scene foto burem itu penting, inget waktu pertama kali sore mau merubah hidup jo, ngasih tau biar masukin foto ibu2 buat pameran dan jangan masukkan foto burem. Itu buat nunjukin kalau time loop yang coba di benerin sore itu akan selalu jelek, justru time loop foto burem jadi timeline terbittersweet yg muncul di akhir-akhir film

Apa gimana yak, cmiiw","4"
"https://www.youtube.com/@sylvanaa8265","@sylvanaa8265","1 bulan yang lalu","https://www.youtube.com/watch?v=KB6-tXqBSyk&lc=UgwF1qWduUEXp_6-MeN4AaABAg","Masih bingung pas sore di arctic tuh apa maksudnya? Itu dia di masa sekarang, masa lalu apa masa depan?","4"
"https://www.youtube.com/@chuakssszs","@chuakssszs","1 bulan yang lalu","https://www.youtube.com/watch?v=KB6-tXqBSyk&lc=UgyWjbG3EsBCVJDrFvF4AaABAg","Tetep, lu orang mesti nonton series nya dulu sih biar bisa dapetin semuanya","1"
"https://www.youtube.com/@ririazissupriyadi4135","@ririazissupriyadi4135","1 bulan yang lalu","https://www.youtube.com/watch?v=KB6-tXqBSyk&lc=UgwswVl_Gc_BoxO1h7F4AaABAg","Film tema rumah tangga yg ada pelakornya bang arya kena, ini yg nggak ada pelakornya juga tetep kena  sehat2 rumah tangga kuda","1"
"https://www.youtube.com/@nilayusman","@nilayusman","1 bulan yang lalu","https://www.youtube.com/watch?v=KB6-tXqBSyk&lc=Ugy0ia1a2T9yHuOPhaR4AaABAg","Sore memberikan beberapa layer emosi yang bisa sangat relate sama orang yg ditinggal meninggal suami. Rasa sedih, frustasi,kehilangan, kesepian,keinginan untuk mereka berubah, memprotect sampai akhirnya berusaha berdamai dengan keadaan.
Keadaan yg saya rasakan , ga terasa udah 33 hari suami pergi kesang pencipta","47"
"https://www.youtube.com/@farhanara17","@farhanara17","1 bulan yang lalu","https://www.youtube.com/watch?v=KB6-tXqBSyk&lc=UgzqCZkUsd8Yv3NPNBt4AaABAg","""kuda. Ini emang harus divacum""",""
"https://www.youtube.com/@Zodimion","@Zodimion","1 bulan yang lalu (diedit)","https://www.youtube.com/watch?v=KB6-tXqBSyk&lc=Ugx94pnIgYzfHEOukY14AaABAg","menurut saya ceritanya ""Too Much"" Depressing, sampe mikir sisa berapa lama lagi film ini (Pengen cepet2 selesai), mungkin klo series lebih enak bisa nonton per episode (bisa di jeda), ketolong waktu ""Sore"" ditangkap polisi lumayan menetralisir suasana, 

andai aja ""Sore"" lagi ditengah2 gambar sunset trus dipanggil dan noleh ke kiri bakal lebih iconic karena jadi ""call back"" yang pas, 

kurang berkesan endingnya andai aja kenal, pacaran & nikah dulu lebih seru menurut saya, untung aja Ending Soundtracknya pas banget sama Filmnya jadinya bisa dimaafkan lah","1"
"https://www.youtube.com/@alwanalfians","@alwanalfians","1 bulan yang lalu","https://www.youtube.com/watch?v=KB6-tXqBSyk&lc=UgxMrRbKvCY41rxf8kl4AaABAg","lucu banget wkwkwk",""
"https://www.youtube.com/@alvianmahardika7812","@alvianmahardika7812","4 minggu yang lalu","https://www.youtube.com/watch?v=KB6-tXqBSyk&lc=UgzbDKJjPG9caXeoknl4AaABAg","Film ini memang bukan yg bisa bikin mengharu-biru berlinang air mata. Sy memang terharu dan mbr√®b√®s, tp itu wajar. Ada perasaan yg jauh lebih kuat yg saya rasakan: sesak di dada yg kuat, bahkan saat saya keluar dr bioskop. Setidaknya itu subjektivitas saya.


Apakah saya asma?","1"
"https://www.youtube.com/@Hisbullaht","@Hisbullaht","1 bulan yang lalu","https://www.youtube.com/watch?v=KB6-tXqBSyk&lc=Ugzvca4oC4vx8lSJU554AaABAg","10/10",""
"https://www.youtube.com/@pangostuds","@pangostuds","1 bulan yang lalu","https://www.youtube.com/watch?v=KB6-tXqBSyk&lc=UgwAaUl5cTg357b0vAB4AaABAg","ada moment pas mba sore ngobrol sama carlo trs kira2 dia bilang ""menurutku, teori mengenai dunia paralel adalah bentuk kesombongan manusia akan waktu. Seakan manusia benar-benar memahami dimensi waktu"" MASS yandy tlg lah suruh si ""Waktu"" biar chill dulu","17"
"https://www.youtube.com/@yourmatchaaaa","@yourmatchaaaa","1 bulan yang lalu","https://www.youtube.com/watch?v=KB6-tXqBSyk&lc=UgxBjtw1kmCPUNWL0bZ4AaABAg","Opini bang arya tentang endingnya sama bgtt kek yg aku pikirin lebih suka kl ada momen ‚Äúclick‚Äù pas mereka ketemu drpd diingetin sama kejadian2 yg udh beralu","5"
"https://www.youtube.com/@ernasulis4275","@ernasulis4275","1 bulan yang lalu","https://www.youtube.com/watch?v=KB6-tXqBSyk&lc=Ugxlw8WbZVu9dDMqk1p4AaABAg","Mbak nya sekilas mirip Hesti Purwadinata","1"
"https://www.youtube.com/@antjeasmahan1099","@antjeasmahan1099","1 bulan yang lalu","https://www.youtube.com/watch?v=KB6-tXqBSyk&lc=UgwO-Cye_D5TjyqB_fF4AaABAg","Terlalu banyak timeline, menurut sy sih terlalu berani Film Indonesia utk jenis ini. . Salut juga sih. Penasaran brp juta nih penontonnya.","1"
"https://www.youtube.com/@bloodyscythe77","@bloodyscythe77","1 bulan yang lalu","https://www.youtube.com/watch?v=KB6-tXqBSyk&lc=Ugxq5e9FYCTB052D6cl4AaABAg","Eeeh scene foto burem itu penting, inget waktu pertama kali sore mau merubah hidup jo, ngasih tau biar masukin foto ibu2 buat pameran dan jangan masukkan foto burem. Itu buat nunjukin kalau time loop yang coba di benerin sore itu akan selalu jelek, justru time loop foto burem jadi timeline terbittersweet yg muncul di akhir-akhir film

Apa gimana yak, cmiiw","4"
"https://www.youtube.com/@sylvanaa8265","@sylvanaa8265","1 bulan yang lalu","https://www.youtube.com/watch?v=KB6-tXqBSyk&lc=UgwF1qWduUEXp_6-MeN4AaABAg","Masih bingung pas sore di arctic tuh apa maksudnya? Itu dia di masa sekarang, masa lalu apa masa depan?","4"
"https://www.youtube.com/@chuakssszs","@chuakssszs","1 bulan yang lalu","https://www.youtube.com/watch?v=KB6-tXqBSyk&lc=UgyWjbG3EsBCVJDrFvF4AaABAg","Tetep, lu orang mesti nonton series nya dulu sih biar bisa dapetin semuanya","1"
"https://www.youtube.com/@RdnFikri","@RdnFikri","1 bulan yang lalu (diedit)","https://www.youtube.com/watch?v=KB6-tXqBSyk&lc=UgzKjUtX85OuCOk0fBJ4AaABAg","Web seriesnya ga perlu ditonton. Tapi jangan sampe seriesnya ditonton setelah film. Beda jauh bgt. Filmnya udah kek masterpiece. Keren bgt kualitasnya dari segi apapun.","1"
"https://www.youtube.com/@pinkanchris1274","@pinkanchris1274","1 bulan yang lalu","https://www.youtube.com/watch?v=KB6-tXqBSyk&lc=Ugza05hNMxXW7-pZdIV4AaABAg&pp=0gcJCSMANpG00pGi","Pengen tahu apa yg ada dipikiran movie directors dan PH2 yg nonton film ini ya...? Minder kali ya hahaha candaaa","1"
"https://www.youtube.com/@iftitahardilah5670","@iftitahardilah5670","1 bulan yang lalu","https://www.youtube.com/watch?v=KB6-tXqBSyk&lc=UgwHK5CZKXjImRbwG4J4AaABAg","Sore nih kayaknya jenis film yang kalo ada yang baru nonton nanti di masa depan, orangnya bakal nyesel kenapa baru tau/baru nonton filmnya di masa depan.

Karena emang sebagus itu lohh.
Buruan nonton di bioskop sih kataku mah. Visual sebagus itu cocok banget buat dinikmati di layar lebar.","5"
"https://www.youtube.com/@itsmi6560","@itsmi6560","1 bulan yang lalu","https://www.youtube.com/watch?v=KB6-tXqBSyk&lc=Ugx1YMpPM0XS3XUfYb94AaABAg","Film sore ini selain bagus bgtttt ada hal yg paling ngena. Sabtu tgl 19 7 25 ada manusia yg ajak nonton film ini aku mau nonton film nya tapi gamau sama dia. Akhirnya aku nonton sendirian, dari pagi sampai siang ga chat untuk ngabarin sampe akhir nya di bioskop jam 3 masuk studio buat nonton dri banyak nya penonton yg masuk buat duduk di kursi, dia lewat naik ke atas barisan A 1 baris diatas aku bareng perempuan. Sepanjang film fokus antara sore sama mikir gmna caranya biar ga diliat dia gmna. Jadi film ini memorable nya combo setiap denger ost nya yg musik nya ciamik bgt itu aku jga inget sama sosok dia.","5"
"https://www.youtube.com/@papaisi","@papaisi","1 bulan yang lalu","https://www.youtube.com/watch?v=KB6-tXqBSyk&lc=Ugzjkm1OvexdeYEXtMh4AaABAg","pertama nonton series nya udah ketebak sih kenapa isterinya dateng. pasti karena suaminya meninggal duluan. dan isterinya ingin menyelamatkan suaminya","4"
"https://www.youtube.com/@dianwulandari1282","@dianwulandari1282","1 bulan yang lalu","https://www.youtube.com/watch?v=KB6-tXqBSyk&lc=UgwJK0CmOuSMKP51uWB4AaABAg&pp=0gcJCSMANpG00pGi","Eh malah aku berfikir kan harusnya mreka ktemu di nikahan kakanya Jo tp klo ktemu disana kan 5 tahun dr mreka nikah Jo mninggal serangan jantung , tp karna Jo sudah berhasil mengubah pola hidup yg didasari dr kepaitan dg Ayahnya jd alurnya berbeda makanya ktemu di pamerah foto Jo si Sore, so aku mikirnya dia mengubah masa depan krn sudah mengubah hari ini","2"
"https://www.youtube.com/@SariYogaSwastiani","@SariYogaSwastiani","1 bulan yang lalu","https://www.youtube.com/watch?v=KB6-tXqBSyk&lc=Ugx-z1PbR2x6_-dUftB4AaABAg","kyknya menurutku antara series dan filmnya ga untuk dibandingkan sih, experience nontonnya sama-sama menyenangkan baik pas nonton series pada jamannya dan pas nonton filmnya juga ga boring, padahal kita udah tau benang merah ceritanya tapi tetep dapetin sesuatu yg baru tanpa kesan maksain","34"
"https://www.youtube.com/@amrihars","@amrihars","1 bulan yang lalu","https://www.youtube.com/watch?v=KB6-tXqBSyk&lc=Ugwx-PT4WS3Q2PdV2-h4AaABAg","siluet itu crossingan timeline ga si aku ngerasanya gitu","1"
"https://www.youtube.com/@rsynfsya","@rsynfsya","1 bulan yang lalu","https://www.youtube.com/watch?v=KB6-tXqBSyk&lc=UgyLrGBxF_FMuqvXyip4AaABAg","betul aktingnya sheila bagus banget menjadi sore. Plotwist sekali di sini villainnya adalah sang waktu.","46"
"https://www.youtube.com/@saddamnur5917","@saddamnur5917","1 bulan yang lalu","https://www.youtube.com/watch?v=KB6-tXqBSyk&lc=UgwVj7VnzUSivV0su754AaABAg","tenet + dark + kimi no nawa = sore","6"
"https://www.youtube.com/@yonwibowo9692","@yonwibowo9692","1 bulan yang lalu","https://www.youtube.com/watch?v=KB6-tXqBSyk&lc=UgzjFVI0RBQwxb9QcFF4AaABAg","Kenapa the nuruls keluar dari bioskop gak ngerti ceritanya ya, lah perasaan simple gitu,apa harus nonton seriesnya dulu jadi lebih merhatiin filmnya, ceritanya dari tengah kebelakang beda jadi exited, apalagi perasaan kesal karena kok sorenya kayak paranormal ampe detail hapal bener kayaknya kalo kita cerita gak sample jatoh2nya deh biar teledor juga tapi terjawab waktu sore ngulang bangun lagi beeh keren sih, sama endingnya berharap yg dapet ingatan cuman Si Jo makanya kata2 alay yg dia pikir gak bakal terucap bisa terucap mengingat bininya berulang Kali gak nyerah sama dia, menurutku kalo iya callback terkece sih menurutku aja sih","2"
"https://www.youtube.com/@imansaputra8184","@imansaputra8184","1 bulan yang lalu","https://www.youtube.com/watch?v=KB6-tXqBSyk&lc=UgyB-D4vqR_irKy-zJ94AaABAg","Ada yg mau diskusi soal warna aurora gak? Merah, Hijau, Biru. RGB

Mungkin pas diawal film kita meyakini kalo aurora hijau lah awal semua cerita ini. Dan diakhiri dengan warna merah. Tapi sepertinya aurora merah lah awal semua ini dan diakhiri dengan biru dimana mereka ketemu di pameran","3"
"https://www.youtube.com/@andreaskurniawan6730","@andreaskurniawan6730","1 bulan yang lalu","https://www.youtube.com/watch?v=KB6-tXqBSyk&lc=UgyxhHI8Vuhj7A9IdPV4AaABAg","Sore aoi wkwkwkwk",""
"https://www.youtube.com/@legendmaulana4942","@legendmaulana4942","1 bulan yang lalu","https://www.youtube.com/watch?v=KB6-tXqBSyk&lc=UgzrNhNVoanzZd8Qeol4AaABAg","Gak kebayang kalau istri nya di masa depan ada 4, dan 4 4nya datang ke masa lalu, pasti absolut cinema LoL...",""
"https://www.youtube.com/@dnsaraswati3532","@dnsaraswati3532","1 bulan yang lalu","https://www.youtube.com/watch?v=KB6-tXqBSyk&lc=Ugz59XwD0O4ZsftSc2p4AaABAg","Kak anthy, itu atasannya kaosnya si jo. Pokoknya sore pake atasan tuh kaos dan kemeja2nya jo. Nah bawahannya ini sebangsa rok atau nana pendek tuh kekmanaaa","2"
"https://www.youtube.com/@maybellanie","@maybellanie","1 bulan yang lalu","https://www.youtube.com/watch?v=KB6-tXqBSyk&lc=Ugz1O5BBjdE6JH4iqnt4AaABAg","seperti biasa, suka pol kalo mereka bedua revie film tema pasutri. adaaa aja yang diberantemin","2"
"https://www.youtube.com/@ridh.","@ridh.","1 bulan yang lalu (diedit)","https://www.youtube.com/watch?v=KB6-tXqBSyk&lc=UgzwfL9JaVpXgTDNmjt4AaABAg","sungkem dulu Yandy Laurens bisa buat SORE campuran antara 50 first date + Kimi no nawa + dikit elemen attack on titan","12"
"https://www.youtube.com/@abelsyamtoni3271","@abelsyamtoni3271","1 bulan yang lalu","https://www.youtube.com/watch?v=KB6-tXqBSyk&lc=Ugyscm5sIsy1Em5z1lR4AaABAg","Bring it to oscar","2"
"https://www.youtube.com/@aginginarollercoaster5427","@aginginarollercoaster5427","1 bulan yang lalu","https://www.youtube.com/watch?v=KB6-tXqBSyk&lc=UgzdHaPfKekL0ukLCSJ4AaABAg","","1"
"https://www.youtube.com/@sda760","@sda760","1 bulan yang lalu","https://www.youtube.com/watch?v=KB6-tXqBSyk&lc=UgwauclRynTAXQIX5fd4AaABAg","Setiap habis nonton film Yandy Laurens jadi bikin gw makin yakin kalau sebenarnya kreatifitas orang-orang Indonesia itu kalau bikin film bisa bagus banget, sangat layak utk maju ke festival film internasional. Tapi mungkin karena selama ini dunia perfilman kita dikuasai oleh produser2 film dari latar belakang itu-itu aja, akibatnya kualitas film-film lokal gak beda jauh sama kualitas sinetron di tv.","11"